component,level,n_trials,sampling_fraction,CV_MAE_mean,CV_MAE_sd,CV_MAE_median,CV_MAE_q25,CV_MAE_q75,best_observed_CV_MAE,interpretation
model,KERNEL_RIDGE,1,0.2,1.1033145274575462,0.0,1.1033145274575462,1.1033145274575462,1.1033145274575462,1.1033145274575462,descriptive_adaptive_search
model,RIDGE_REGRESSION,1,0.2,0.965214392594646,0.0,0.965214392594646,0.965214392594646,0.965214392594646,0.965214392594646,descriptive_adaptive_search
model,SVR,2,0.4,1.0963976527497588,0.09294823814307851,1.0963976527497588,1.0635354880046024,1.129259817494915,1.0306733232594458,descriptive_adaptive_search
model,XGBOOST,1,0.2,1.0947504732594626,0.0,1.0947504732594626,1.0947504732594626,1.0947504732594626,1.0947504732594626,descriptive_adaptive_search
feature_set,embeddings,2,0.4,1.0342644600260962,0.09765154184433346,1.0342644600260962,0.999739426310371,1.0687894937418212,0.965214392594646,descriptive_adaptive_search
feature_set,indices,3,0.6,1.09584859291966,0.06573120938368852,1.0947504732594626,1.0627118982594541,1.1284362277497673,1.0306733232594458,descriptive_adaptive_search
aggregation,dawn_profile,2,0.4,0.9979438579270459,0.04628645376229998,0.9979438579270459,0.981579125260846,1.0143085905932459,0.965214392594646,descriptive_adaptive_search
aggregation,dawn_trend,2,0.4,1.1327182548488088,0.04158315006104502,1.1327182548488088,1.1180163911531775,1.1474201185444404,1.1033145274575462,descriptive_adaptive_search
aggregation,hierarchical,1,0.2,1.0947504732594626,0.0,1.0947504732594626,1.0947504732594626,1.0947504732594626,1.0947504732594626,descriptive_adaptive_search
reduction,none,2,0.4,1.0990325003585044,0.006055700797914029,1.0990325003585044,1.0968914868089836,1.1011735139080252,1.0947504732594626,descriptive_adaptive_search
reduction,pca,2,0.4,1.0963976527497588,0.09294823814307851,1.0963976527497588,1.0635354880046024,1.129259817494915,1.0306733232594458,descriptive_adaptive_search
reduction,supervised_selection,1,0.2,0.965214392594646,0.0,0.965214392594646,0.965214392594646,0.965214392594646,0.965214392594646,descriptive_adaptive_search
