Point,CapturePointId,observed_HFI,n_repeats,predicted_HFI_mean,predicted_HFI_sd,predicted_HFI_min,predicted_HFI_max,absolute_error_mean,absolute_error_sd,residual_mean,residual_sd,prediction_range
1,12,2.38544061302682,2,1.9587276057457557,0.15527707459664422,1.8489301333356591,2.068525078155852,0.4267130072810643,0.15527707459664422,0.4267130072810643,0.15527707459664422,0.21959494482019304
2,17,3.61527777777778,2,2.1218182154496397,0.054172491822373076,2.083512479128267,2.1601239517710127,1.49345956232814,0.05417249182237308,1.49345956232814,0.05417249182237308,0.07661147264274559
2,88,3.63541401273885,2,2.041888706725698,0.0770896667860162,1.9873780805818948,2.0963993328695016,1.5935253060131518,0.07708966678601605,1.5935253060131518,0.07708966678601605,0.10902125228760684
5,1,0.0,2,1.5883394262685457,0.14036192951052298,1.4890885540912269,1.6875902984458648,1.5883394262685457,0.14036192951052298,-1.5883394262685457,0.14036192951052298,0.19850174435463797
5,91,0.0,2,1.6717294992998923,0.08984024137392152,1.6082028554009562,1.7352561431988285,1.6717294992998923,0.08984024137392152,-1.6717294992998923,0.08984024137392152,0.12705328779787228
6,2,0.143877551020408,2,1.635578202974482,0.01184971810027258,1.6271991869506304,1.6439572189983338,1.491700651954074,0.01184971810027258,-1.491700651954074,0.01184971810027258,0.01675803204770343
7,5,0.161734693877551,2,1.670798963520808,0.0017937045989166094,1.6695306228354685,1.6720673042061474,1.509064269643257,0.0017937045989164522,-1.509064269643257,0.0017937045989164522,0.0025366813706788616
7,90,0.211616161616162,2,1.7977570348066616,0.0686811263220358,1.7491921446448202,1.846321924968503,1.5861408731904996,0.0686811263220358,-1.5861408731904996,0.0686811263220358,0.0971297803236828
8,9,0.798482932996207,2,2.040337061119534,0.09731089391314716,1.9715278681502229,2.109146254088845,1.241854128123327,0.09731089391314716,-1.241854128123327,0.09731089391314716,0.1376183859386222
8,104,0.814267515923567,2,2.162483046818784,0.058931522829365326,2.12081216740049,2.204153926237078,1.3482155308952168,0.058931522829365326,-1.3482155308952168,0.058931522829365326,0.08334175883658812
10,11,0.924137931034483,2,1.9067199750135053,0.11277440708165294,1.8269764270217763,1.9864635230052343,0.9825820439790225,0.1127744070816527,-0.9825820439790225,0.1127744070816527,0.159487095983458
10,106,0.920051085568327,2,1.9908117699493713,0.14186373345346584,1.8904989620199848,2.091124577878758,1.0707606843810442,0.14186373345346584,-1.0707606843810442,0.14186373345346584,0.20062561585877314
11,33,2.31868686868687,2,1.9066907526151406,0.14787530228339907,1.8021271236005385,2.0112543816297426,0.4119961160717295,0.1478753022833991,0.4119961160717295,0.1478753022833991,0.20912725802920407
11,107,2.31173469387755,2,1.8637912529848788,0.10734156329259276,1.7878893056775214,1.939693200292236,0.44794344089267124,0.10734156329259292,0.44794344089267124,0.10734156329259292,0.15180389461471466
12,37,2.88193384223919,2,2.062828268444001,0.09087581372261035,1.9985693643148976,2.127087172573104,0.819105573795189,0.0908758137226102,0.819105573795189,0.0908758137226102,0.12851780825820658
12,108,2.93148614609572,2,2.1103883526869955,0.14699785706639884,2.006445171135454,2.214331534238537,0.8210977934087245,0.14699785706639892,0.8210977934087245,0.14699785706639892,0.20788636310308295
13,21,1.8693094629156,2,1.6921684014873042,0.0736366981315767,1.6400993928942795,1.7442374100803288,0.17714106142829575,0.0736366981315767,0.17714106142829575,0.0736366981315767,0.10413801718604931
13,112,1.92017879948914,2,1.7429465741375052,0.11382512663210026,1.6624600552265296,1.8234330930484808,0.1772322253516348,0.11382512663210015,0.1772322253516348,0.11382512663210015,0.16097303782195116
14,40,1.7,2,1.7851241034266256,0.014612508754627693,1.7747914993960805,1.7954567074571706,0.08512410342662555,0.014612508754627712,-0.08512410342662555,0.014612508754627712,0.020665208061090068
15,44,1.7,2,1.8106247538822586,0.040656304820501546,1.7818764050456946,1.8393731027188225,0.11062475388225855,0.040656304820501525,-0.11062475388225855,0.040656304820501525,0.05749669767312793
15,114,1.7,2,1.8477738868622682,0.09729029347366464,1.7789792606034105,1.9165685131211256,0.1477738868622682,0.09729029347366483,-0.1477738868622682,0.09729029347366483,0.13758925251771514
17,53,3.98612862547289,2,2.393105828620976,0.07175860577919758,2.3423648318660133,2.443846825375939,1.5930227968519137,0.07175860577919743,1.5930227968519137,0.07175860577919743,0.1014819935099256
17,101,3.92331210191083,2,2.3490015607359824,0.13747167401907415,2.251794407816029,2.4462087136559365,1.5743105411748473,0.137471674019074,1.5743105411748473,0.137471674019074,0.1944143058399077
18,56,4.53520408163265,2,2.5399671359702864,0.03363741640001259,2.5161818907322417,2.5637523812083307,1.995236945662364,0.03363741640001258,1.995236945662364,0.03363741640001258,0.04757049047608897
18,103,4.52977099236641,2,2.5111392073501833,0.021926302429775255,2.495634970215742,2.526643444484624,2.018631785016227,0.021926302429775255,2.018631785016227,0.021926302429775255,0.031008474268882313
19,59,0.854891994917408,2,1.8716121328374786,0.10409045757859932,1.7980090644268405,1.945215201248117,1.0167201379200708,0.10409045757859949,-1.0167201379200708,0.10409045757859949,0.14720613682127648
19,116,0.831162196679438,2,1.8736473682864372,0.014165755647830146,1.8636306664072249,1.8836640701656495,1.0424851716069992,0.014165755647830146,-1.0424851716069992,0.014165755647830146,0.02003340375842466
20,63,1.4794380587484,2,1.9920248314341649,0.07015897681742538,1.9424149431654536,2.041634719702876,0.5125867726857647,0.0701589768174251,-0.5125867726857647,0.0701589768174251,0.09921977653742253
20,115,1.66224489795918,2,1.939685059777989,0.11223651942718328,1.860321855794252,2.019048263761726,0.27744016181880893,0.11223651942718348,-0.27744016181880893,0.11223651942718348,0.15872640796747395
21,67,0.691187739463601,2,2.315154075831572,0.07626634054004065,2.2612256292594264,2.369082522403717,1.6239663363679706,0.07626634054004064,-1.6239663363679706,0.07626634054004064,0.10785689314429048
21,117,0.493129770992366,2,2.05779840812138,0.03189527581080713,2.035245042307743,2.080351773935017,1.564668637129014,0.03189527581080745,-1.564668637129014,0.03189527581080745,0.045106731627273966
22,22,0.495796178343949,2,2.2969701623976464,0.0598355904458795,2.254660010637064,2.339280314158229,1.801173984053697,0.05983559044587998,-1.801173984053697,0.05983559044587998,0.08462030352116479
23,50,2.49337579617834,2,2.277927814319988,0.10170380165370574,2.206012366498201,2.349843262141775,0.21544798185835184,0.10170380165370549,0.21544798185835184,0.10170380165370549,0.14383089564357388
23,99,2.45701643489254,2,2.171501128030431,0.15075260618872843,2.064902937912836,2.278099318148026,0.2855153068621092,0.1507526061887285,0.2855153068621092,0.1507526061887285,0.21319638023518994
24,34,3.0616368286445,2,2.3219673459166175,0.02736091884807029,2.302620254659652,2.341314437173583,0.7396694827278827,0.02736091884807029,0.7396694827278827,0.02736091884807029,0.03869418251393064
24,100,3.06117496807152,2,2.1300158554438533,0.11161239281784638,2.0510939756178974,2.208937735269809,0.9311591126276668,0.11161239281784638,0.9311591126276668,0.11161239281784638,0.15784375965191177
27,195,2.81967213114754,2,2.5042366604347155,0.09838855315854816,2.4346654473051728,2.5738078735642578,0.3154354707128248,0.09838855315854815,0.3154354707128248,0.09838855315854815,0.13914242625908502
29,41,3.29092055485498,2,2.1850782142184038,0.0758231390449357,2.131463158428879,2.238693270007928,1.1058423406365767,0.0758231390449354,1.1058423406365767,0.0758231390449354,0.10723011157904905
29,196,3.25476493011436,2,2.3226373404584226,0.16284859681918007,2.2074859933408666,2.437788687575979,0.9321275896559371,0.16284859681918007,0.9321275896559371,0.16284859681918007,0.23030269423511252
30,197,3.67509529860229,2,1.9892066739426264,0.0629058875952184,1.9447254942474888,2.033687853637764,1.685888624659663,0.06290588759521824,1.685888624659663,0.06290588759521824,0.0889623593902753
31,32,0.0,2,1.6989131308234882,0.05913876113721808,1.65709571179239,1.7407305498545866,1.6989131308234882,0.05913876113721808,-1.6989131308234882,0.05913876113721808,0.08363483806219674
31,94,0.0,2,1.8291255696327338,0.18095540655286738,1.7011707745668327,1.957080364698635,1.8291255696327338,0.18095540655286738,-1.8291255696327338,0.18095540655286738,0.25590959013180226
32,64,0.060559796437659,2,1.791939245979816,0.05711474905055011,1.751553019620404,1.832325472339228,1.7313794495421568,0.05711474905055027,-1.7313794495421568,0.05711474905055027,0.08077245271882383
32,93,0.0601769911504425,2,1.6731359335746037,0.03202967905007015,1.6504875303190705,1.695784336830137,1.6129589424241615,0.03202967905007031,-1.6129589424241615,0.03202967905007031,0.0452968065110666
33,60,0.0,2,1.736383694241452,0.10647997116554965,1.6610909845697437,1.81167640391316,1.736383694241452,0.10647997116554965,-1.736383694241452,0.10647997116554965,0.1505854193434164
33,95,0.0,2,1.8500229122901766,0.14398732515815793,1.7482084982659307,1.9518373263144224,1.8500229122901766,0.14398732515815793,-1.8500229122901766,0.14398732515815793,0.2036288280484917
34,68,4.64371859296482,2,2.5237860183610454,0.10286026681442394,2.4510528261819085,2.596519210540182,2.119932574603775,0.10286026681442424,2.119932574603775,0.10286026681442424,0.14546638435827353
34,119,4.66071428571429,2,2.672081947187954,0.07714095215798956,2.617535056809853,2.726628837566056,1.9886323385263354,0.07714095215798972,1.9886323385263354,0.07714095215798972,0.10909378075620291
34,176,4.66162642947903,2,2.376970246797954,0.10070567452184986,2.3057605814395887,2.4481799121563195,2.2846561826810756,0.10070567452184956,2.2846561826810756,0.10070567452184956,0.14241933071673074
35,54,2.10432569974555,2,2.3755016907494806,0.07099098830720883,2.3253034815143185,2.425699899984643,0.27117599100393064,0.07099098830720887,-0.27117599100393064,0.07099098830720887,0.10039641847032454
36,29,1.6211320754717,2,2.2131978889271684,0.02181280603471157,2.197773905863317,2.22862187199102,0.5920658134554684,0.02181280603471157,-0.5920658134554684,0.02181280603471157,0.030847966127702797
36,121,1.6211320754717,2,2.2537621946662583,0.06835581085590986,2.2054273372765394,2.302097052055977,0.6326301191945582,0.06835581085590986,-0.6326301191945582,0.06835581085590986,0.09666971477943775
36,179,1.6212927756654,2,2.090689125337278,0.05447327217679189,2.052170705187648,2.129207545486908,0.46939634967187804,0.05447327217679189,-0.46939634967187804,0.05447327217679189,0.07703684029926006
38,27,1.64025157232704,2,1.9556758839538628,0.05531469394026641,1.916562488769442,1.9947892791382835,0.3154243116268227,0.05531469394026625,-0.3154243116268227,0.05531469394026625,0.07822679036884161
38,123,1.36294416243655,2,1.8606509015434507,0.002582652077668858,1.8588246907458856,1.862477112341016,0.497706739106901,0.002582652077669015,-0.497706739106901,0.002582652077669015,0.0036524215951303507
39,38,1.83168567807351,2,1.8178335129554295,0.055885643446706344,1.77831639550329,1.857350630407569,0.0395171174521397,0.019589919778220808,0.0138521651180804,0.05588564344670649,0.07903423490427919
40,28,3.84234693877551,2,1.9920438098749491,0.05602027959862893,1.952431490286792,2.031656129463106,1.8503031289005607,0.05602027959862877,1.8503031289005607,0.05602027959862877,0.07922463917631384
41,58,2.58339719029374,2,2.5686630331143365,0.11361011416182383,2.488328550979133,2.64899751524954,0.0803344821352032,0.020837244913249058,0.014734157179403302,0.11361011416182347,0.1606689642704069
41,110,2.58339719029374,2,2.2645806448028054,0.16396300545773038,2.1486412917799176,2.3805199978256937,0.31881654549093436,0.16396300545773038,0.31881654549093436,0.16396300545773038,0.2318787060457761
42,30,0.30537084398977,2,1.8307005255031548,0.054301618698662006,1.7923034826919246,1.869097568314385,1.525329681513385,0.05430161869866216,-1.525329681513385,0.05430161869866216,0.07679408562246026
43,65,2.13282247765006,2,2.0575620099444176,0.026473360712185007,2.038842517064034,2.076281502824801,0.07526046770564225,0.026473360712185007,0.07526046770564225,0.026473360712185007,0.037438985760767096
44,61,0.994622279129321,2,1.9709479377095347,0.05564129442914062,1.931603601104692,2.010292274314377,0.9763256585802136,0.055641294429140536,-0.9763256585802136,0.055641294429140536,0.0786886732096852
45,15,2.82259306803594,2,2.1162287719687423,0.08768710049521114,2.054224628585992,2.1782329153514923,0.7063642960671976,0.08768710049521114,0.7063642960671976,0.08768710049521114,0.12400828676550013
45,191,2.80556962025316,2,2.299899555875451,0.10792845165982101,2.223582615823827,2.376216495927075,0.5056700643777092,0.10792845165982101,0.5056700643777092,0.10792845165982101,0.15263388010324785
46,42,2.29718670076726,2,2.0722246147387544,0.06068917547725138,2.02931088721417,2.1151383422633394,0.2249620860285055,0.06068917547725142,0.2249620860285055,0.06068917547725142,0.08582745504916955
46,189,2.33401015228426,2,2.1655717694057666,0.06416534582048773,2.12020001825892,2.2109435205526133,0.1684383828784934,0.06416534582048776,0.1684383828784934,0.06416534582048776,0.09074350229369355
47,25,1.8537084398977,2,2.131985739154656,0.06370314687448003,2.0869408120167883,2.177030666292523,0.27827729925695577,0.06370314687448006,-0.27827729925695577,0.06370314687448006,0.0900898542757349
47,190,1.84112388250319,2,2.1371418963459945,0.07155444181885649,2.086545265311863,2.187738527380126,0.29601801384280474,0.07155444181885687,-0.29601801384280474,0.07155444181885687,0.1011932620682634
48,46,4.42199488491049,2,2.519306714943732,0.07615074207498031,2.4654600088301257,2.5731534210573384,1.9026881699667584,0.07615074207498031,1.9026881699667584,0.07615074207498031,0.10769341222721263
48,169,4.4079283887468,2,2.3305629458468777,0.06253072675095311,2.286347044928756,2.374778846765,2.0773654428999224,0.06253072675095311,2.0773654428999224,0.06253072675095311,0.088431801836244
48,192,4.3542199488491,2,2.3576749181444754,0.0472048113678791,2.324296075921616,2.3910537603673343,1.996545030704625,0.0472048113678791,1.996545030704625,0.0472048113678791,0.06675768444571828
51,35,1.95357142857143,2,2.2126455623144095,0.07780098467299174,2.1576319584691466,2.267659166159673,0.2590741337429796,0.07780098467299174,-0.2590741337429796,0.07780098467299174,0.11002720769052621
51,168,2.06803069053708,2,2.0465537890269467,0.06067331442646139,2.0036512769589323,2.089456301094961,0.0429025120680144,0.030372925393382006,0.0214769015101335,0.06067331442646135,0.08580502413602886
52,39,2.89553001277139,2,2.016881777241497,0.05885311184480867,1.9752663427621024,2.0584972117208915,0.878648235529893,0.05885311184480859,0.878648235529893,0.05885311184480859,0.08323086895878906
52,183,2.93997445721584,2,1.9055304709702547,0.05754364153941867,1.864840971823564,1.9462199701169456,1.0344439862455856,0.05754364153941883,1.0344439862455856,0.05754364153941883,0.08137899829338169
53,19,2.70050505050505,2,2.1915437792959858,0.08817552416687124,2.129194268222913,2.2538932903690587,0.5089612712090641,0.08817552416687097,0.5089612712090641,0.08817552416687097,0.12469902214614592
53,184,2.675,2,2.0293673920670434,0.15580680713922257,1.9191953421838743,2.139539441950212,0.6456326079329567,0.1558068071392221,0.6456326079329567,0.1558068071392221,0.22034409976633773
54,55,2.89355246523388,2,2.3458279362476295,0.03696519283091298,2.3196895977290226,2.3719662747662364,0.5477245289862505,0.03696519283091298,0.5477245289862505,0.03696519283091298,0.05227667703721384
54,185,2.89731113956466,2,2.192444736545339,0.09700287249554387,2.123853347609166,2.261036125481512,0.704866403019321,0.09700287249554387,0.704866403019321,0.09700287249554387,0.13718277787234623
55,36,2.78828025477707,2,2.105667921367411,0.10134503860253712,2.034006157331945,2.177329685402878,0.6826123334096585,0.10134503860253712,0.6826123334096585,0.10134503860253712,0.14332352807093285
55,187,3.19181585677749,2,2.050394177468864,0.14618019920856368,1.947029167333288,2.1537591876044395,1.1414216793086265,0.14618019920856398,1.1414216793086265,0.14618019920856398,0.2067300202711515
58,16,2.41581632653061,2,2.0103107950239214,0.047710101759876625,1.9765746585384123,2.0440469315094303,0.4055055315066888,0.04771010175987658,0.4055055315066888,0.04771010175987658,0.06747227297101799
58,180,2.17931034482759,2,1.9576759995746236,0.05341302237847143,1.9199072892471376,1.9954447099021095,0.2216343452529664,0.05341302237847163,0.2216343452529664,0.05341302237847163,0.07553742065497193
59,26,2.72397959183673,2,2.0688739639017326,0.03950037416475238,2.0409429814704305,2.096804946333035,0.6551056279349974,0.03950037416475238,0.6551056279349974,0.03950037416475238,0.05586196486260464
59,182,2.723273657289,2,2.010479391695442,0.05727845223527676,1.969977409704008,2.050981373686876,0.712794265593558,0.057278452235276604,0.712794265593558,0.057278452235276604,0.08100396398286791
60,43,2.39642857142857,2,2.137146724147401,0.047538154051821886,2.103532173052267,2.170761275242535,0.2592818472811688,0.04753815405182194,0.2592818472811688,0.04753815405182194,0.06722910219026801
60,181,2.39131545338442,2,2.035488323457778,0.043063297536608605,2.005037973749388,2.0659386731661677,0.3558271299266422,0.04306329753660833,0.3558271299266422,0.04306329753660833,0.06090069941677978
61,66,2.82915601023018,2,2.0529369751446547,0.0537224868139186,2.014949440416328,2.0909245098729814,0.7762190350855254,0.0537224868139186,0.7762190350855254,0.0537224868139186,0.07597506945665344
61,171,2.80689655172414,2,2.2261829475526955,0.02377738852089572,2.2093697948906628,2.242996100214728,0.5807136041714449,0.023777388520895722,0.5807136041714449,0.023777388520895722,0.033626305324065076
65,87,4.57687420584498,2,2.3462022933782016,0.055599009663675654,2.30688785661776,2.385516730138643,2.2306719124667787,0.055599009663675966,2.2306719124667787,0.055599009663675966,0.07862887352088288
66,92,0.278571428571429,2,1.687588951014484,0.06183929772737689,1.643861964247642,1.731315937781326,1.409017522443055,0.06183929772737674,-1.409017522443055,0.06183929772737674,0.08745397353368412
67,173,0.161941251596424,2,1.8061509362102472,0.19347478452909564,1.6693436040811176,1.942958268339377,1.6442096846138232,0.19347478452909564,-1.6442096846138232,0.19347478452909564,0.2736146642582593
68,175,0.8,2,1.9947539896531041,0.08971386035258137,1.931316710631371,2.0581912686748374,1.1947539896531039,0.08971386035258137,-1.1947539896531039,0.08971386035258137,0.12687455804346648
