repeat,fold,Point,CapturePointId,observed_HFI,predicted_HFI,mean_baseline_prediction,median_baseline_prediction,residual,absolute_error,squared_error,mean_baseline_residual,mean_baseline_absolute_error,mean_baseline_squared_error,median_baseline_residual,median_baseline_absolute_error,median_baseline_squared_error
1,1,2,17,3.61527777777778,2.083512479128267,2.0201859183332695,2.13282247765006,1.5317652986495127,1.5317652986495127,2.346304930146831,1.5950918594445103,1.5950918594445103,2.544318040066145,1.4824553001277199,1.4824553001277199,2.197673716876768
1,1,2,88,3.63541401273885,2.0963993328695016,2.0201859183332695,2.13282247765006,1.5390146798693483,1.5390146798693483,2.3685661848533526,1.6152280944055804,1.6152280944055804,2.6089617969570824,1.50259153508879,1.50259153508879,2.2577813213204863
1,1,12,37,2.88193384223919,1.9985693643148978,2.0201859183332695,2.13282247765006,0.8833644779242922,0.8833644779242922,0.7803328008584572,0.8617479239059205,0.8617479239059205,0.7426094843561641,0.7491113645891301,0.7491113645891301,0.5611678365565885
1,1,12,108,2.93148614609572,2.006445171135454,2.0201859183332695,2.13282247765006,0.9250409749602659,0.9250409749602659,0.8557008053554394,0.9113002277624505,0.9113002277624505,0.8304681051198941,0.7986636684456601,0.7986636684456601,0.6378636552950793
1,1,15,44,1.7,1.7818764050456946,2.0201859183332695,2.13282247765006,-0.0818764050456946,0.0818764050456946,0.0067037457032066445,-0.3201859183332696,0.3201859183332696,0.10251902229891918,-0.43282247765006,0.43282247765006,0.1873352971591367
1,1,15,114,1.7,1.7789792606034105,2.0201859183332695,2.13282247765006,-0.07897926060341054,0.07897926060341054,0.006237723605461436,-0.3201859183332696,0.3201859183332696,0.10251902229891918,-0.43282247765006,0.43282247765006,0.1873352971591367
1,1,19,59,0.854891994917408,1.7980090644268403,2.0201859183332695,2.13282247765006,-0.9431170695094323,0.9431170695094323,0.8894698068000594,-1.1652939234158617,1.1652939234158617,1.357909927949932,-1.277930482732652,1.277930482732652,1.6331063186973092
1,1,19,116,0.831162196679438,1.8636306664072249,2.0201859183332695,2.13282247765006,-1.0324684697277868,1.0324684697277868,1.065991140982038,-1.1890237216538315,1.1890237216538315,1.4137774106555283,-1.301660280970622,1.301660280970622,1.6943194870565184
1,1,30,197,3.67509529860229,2.033687853637764,2.0201859183332695,2.13282247765006,1.6414074449645257,1.6414074449645257,2.6942184003849725,1.6549093802690202,1.6549093802690202,2.7387250569023927,1.5422728209522298,1.5422728209522298,2.378605454247949
1,1,33,60,0.0,1.6610909845697437,2.0201859183332695,2.13282247765006,-1.6610909845697437,1.6610909845697437,2.7592232590188805,-2.0201859183332695,2.0201859183332695,4.081151144632035,-2.13282247765006,2.13282247765006,4.548931721169341
1,1,33,95,0.0,1.7482084982659307,2.0201859183332695,2.13282247765006,-1.7482084982659307,1.7482084982659307,3.0562329534092205,-2.0201859183332695,2.0201859183332695,4.081151144632035,-2.13282247765006,2.13282247765006,4.548931721169341
1,1,38,27,1.64025157232704,1.9165624887694421,2.0201859183332695,2.13282247765006,-0.276310916442402,0.276310916442402,0.07634772254524007,-0.37993434600622944,0.37993434600622944,0.14435010727518127,-0.49257090532301984,0.49257090532301984,0.24262609677073937
1,1,38,123,1.36294416243655,1.8624771123410162,2.0201859183332695,2.13282247765006,-0.4995329499044663,0.4995329499044663,0.24953316804025802,-0.6572417558967196,0.6572417558967196,0.4319667256942032,-0.76987831521351,0.76987831521351,0.5927126202359927
1,1,39,38,1.83168567807351,1.77831639550329,2.0201859183332695,2.13282247765006,0.05336928257022011,0.05336928257022011,0.00284828032206,-0.18850024025975953,0.18850024025975953,0.03553234057798707,-0.30113679957654993,0.30113679957654993,0.0906833720592072
1,1,40,28,3.84234693877551,2.031656129463106,2.0201859183332695,2.13282247765006,1.810690809312404,1.810690809312404,3.2786012069284083,1.8221610204422403,1.8221610204422403,3.3202707844191064,1.7095244611254499,1.7095244611254499,2.92247388318626
1,1,42,30,0.30537084398977,1.7923034826919246,2.0201859183332695,2.13282247765006,-1.4869326387021546,1.4869326387021546,2.2109686720377524,-1.7148150743434996,1.7148150743434996,2.940590739195702,-1.82745163366029,1.82745163366029,3.3395794733676625
1,1,46,42,2.29718670076726,2.1151383422633394,2.0201859183332695,2.13282247765006,0.18204835850392076,0.18204835850392076,0.033141604833972056,0.2770007824339906,0.2770007824339906,0.07672943346904301,0.16436422311720023,0.16436422311720023,0.027015597840920776
1,1,46,189,2.33401015228426,2.2109435205526133,2.0201859183332695,2.13282247765006,0.12306663173164667,0.12306663173164667,0.015145395845772743,0.31382423395099046,0.31382423395099046,0.098485649814926,0.20118767463420006,0.20118767463420006,0.04047648042471675
1,1,47,25,1.8537084398977,2.177030666292523,2.0201859183332695,2.13282247765006,-0.3233222263948232,0.3233222263948232,0.10453726208090532,-0.1664774784355696,0.1664774784355696,0.02771475082626554,-0.27911403775236,0.27911403775236,0.07790464607042584
1,1,47,190,1.84112388250319,2.1877385273801266,2.0201859183332695,2.13282247765006,-0.3466146448769367,0.3466146448769367,0.12014171204316496,-0.17906203583007962,0.17906203583007962,0.03206321267561272,-0.29169859514687,0.29169859514687,0.08508807041065758
1,1,48,46,4.42199488491049,2.5731534210573384,2.0201859183332695,2.13282247765006,1.848841463853152,1.848841463853152,3.4182147584626663,2.401808966577221,2.401808966577221,5.768686311930738,2.2891724072604305,2.2891724072604305,5.240310310162514
1,1,48,169,4.4079283887468,2.374778846765,2.0201859183332695,2.13282247765006,2.0331495419818,2.0331495419818,4.133697060060804,2.3877424704135306,2.3877424704135306,5.70131410501651,2.27510591109674,2.27510591109674,5.176106906707329
1,1,48,192,4.3542199488491,2.3910537603673343,2.0201859183332695,2.13282247765006,1.963166188481766,1.963166188481766,3.8540214835980247,2.3340340305158307,2.3340340305158307,5.447714855605974,2.2213974711990403,2.2213974711990403,4.934606725049491
1,1,52,39,2.89553001277139,2.0584972117208915,2.0201859183332695,2.13282247765006,0.8370328010504986,0.8370328010504986,0.7006239100344436,0.8753440944381206,0.8753440944381206,0.7662272836676933,0.7627075351213302,0.7627075351213302,0.5817227841308551
1,1,52,183,2.93997445721584,1.9462199701169456,2.0201859183332695,2.13282247765006,0.9937544870988946,0.9937544870988946,0.987547980629187,0.9197885388825706,0.9197885388825706,0.8460109562597341,0.8071519795657802,0.8071519795657802,0.6514943181169577
1,1,53,19,2.70050505050505,2.1291942682229132,2.0201859183332695,2.13282247765006,0.5713107822821368,0.5713107822821368,0.32639600995182716,0.6803191321717805,0.6803191321717805,0.4628341215989646,0.5676825728549901,0.5676825728549901,0.32226350352326116
1,1,53,184,2.675,1.9191953421838746,2.0201859183332695,2.13282247765006,0.7558046578161253,0.7558046578161253,0.5712406807765502,0.6548140816667303,0.6548140816667303,0.42878148154904333,0.5421775223499399,0.5421775223499399,0.29395646574151957
1,1,54,55,2.89355246523388,2.3196895977290226,2.0201859183332695,2.13282247765006,0.5738628675048574,0.5738628675048574,0.3293185907008975,0.8733665469006104,0.8733665469006104,0.7627691252450962,0.76072998758382,0.76072998758382,0.578710114009279
1,1,54,185,2.89731113956466,2.123853347609166,2.0201859183332695,2.13282247765006,0.7734577919554941,0.7734577919554941,0.5982369559366685,0.8771252212313905,0.8771252212313905,0.7693486537202157,0.7644886619146001,0.7644886619146001,0.5844429141959757
1,1,66,92,0.278571428571429,1.7313159377813259,2.0201859183332695,2.13282247765006,-1.452744509209897,1.452744509209897,2.1104666090395043,-1.7416144897618406,1.7416144897618406,3.0332210309483965,-1.854251049078631,1.854251049078631,3.438246953009204
1,1,67,173,0.161941251596424,1.6693436040811176,2.0201859183332695,2.13282247765006,-1.5074023524846936,1.5074023524846936,2.2722618522763884,-1.8582446667368455,1.8582446667368455,3.45307324145593,-1.970881226053636,1.970881226053636,3.884372807210683
1,2,1,12,2.38544061302682,2.068525078155852,2.013994525231043,2.06803069053708,0.3169155348709678,0.3169155348709678,0.10043545624255161,0.37144608779577704,0.37144608779577704,0.1379721961387881,0.31740992248973976,0.31740992248973976,0.10074905889494261
1,2,11,33,2.31868686868687,2.0112543816297426,2.013994525231043,2.06803069053708,0.30743248705712745,0.30743248705712745,0.09451473409813084,0.3046923434558271,0.3046923434558271,0.09283742416060368,0.2506561781497898,0.2506561781497898,0.06282851964465916
1,2,11,107,2.31173469387755,1.9396932002922362,2.013994525231043,2.06803069053708,0.3720414935853138,0.3720414935853138,0.13841487294919108,0.2977401686465071,0.2977401686465071,0.08864920802565049,0.24370400334046982,0.24370400334046982,0.059391641244171726
1,2,17,53,3.98612862547289,2.3423648318660133,2.013994525231043,2.06803069053708,1.6437637936068765,1.6437637936068765,2.7019594091728703,1.9721341002418469,1.9721341002418469,3.889312909336719,1.9180979349358096,1.9180979349358096,3.6790996880050173
1,2,17,101,3.92331210191083,2.251794407816029,2.013994525231043,2.06803069053708,1.6715176940948013,1.6715176940948013,2.793971401672002,1.9093175766797872,1.9093175766797872,3.645493608618375,1.85528141137375,1.85528141137375,3.4420691153889735
1,2,20,63,1.4794380587484,1.9424149431654536,2.013994525231043,2.06803069053708,-0.46297688441705365,0.46297688441705365,0.21434759550452184,-0.534556466482643,0.534556466482643,0.285750615858409,-0.5885926317886803,0.5885926317886803,0.34644128619592496
1,2,20,115,1.66224489795918,1.8603218557942518,2.013994525231043,2.06803069053708,-0.19807695783507184,0.19807695783507184,0.03923448122519683,-0.351749627271863,0.351749627271863,0.12372780028589454,-0.40578579257790026,0.40578579257790026,0.1646621094580747
1,2,22,22,0.495796178343949,2.2546600106370636,2.013994525231043,2.06803069053708,-1.7588638322931145,1.7588638322931145,3.0936019805488213,-1.5181983468870939,1.5181983468870939,2.304926220490705,-1.5722345121931312,1.5722345121931312,2.471921361331173
1,2,24,34,3.0616368286445,2.341314437173583,2.013994525231043,2.06803069053708,0.7203223914709174,0.7203223914709174,0.5188643476543815,1.0476423034134572,1.0476423034134572,1.0975543959014544,0.9936061381074199,0.9936061381074199,0.9872531576847412
1,2,24,100,3.06117496807152,2.208937735269809,2.013994525231043,2.06803069053708,0.8522372328017109,0.8522372328017109,0.7263083009735176,1.0471804428404772,1.0471804428404772,1.096586879867578,0.9931442775344399,0.9931442775344399,0.9863355559994046
1,2,27,195,2.81967213114754,2.4346654473051728,2.013994525231043,2.06803069053708,0.38500668384236736,0.38500668384236736,0.14823014660329661,0.8056776059164972,0.8056776059164972,0.6491164046753385,0.7516414406104599,0.7516414406104599,0.5649648552429675
1,2,29,41,3.29092055485498,2.2386932700079276,2.013994525231043,2.06803069053708,1.0522272848470524,1.0522272848470524,1.1071822589766,1.276926029623937,1.276926029623937,1.6305400851311518,1.2228898643178998,1.2228898643178998,1.4954596202514514
1,2,29,196,3.25476493011436,2.437788687575979,2.013994525231043,2.06803069053708,0.8169762425383809,0.8169762425383809,0.6674501808721313,1.240770404883317,1.240770404883317,1.5395111976343105,1.1867342395772797,1.1867342395772797,1.4083381553850645
1,2,31,32,0.0,1.65709571179239,2.013994525231043,2.06803069053708,-1.65709571179239,1.65709571179239,2.7459661980407275,-2.013994525231043,2.013994525231043,4.056173947660614,-2.06803069053708,2.06803069053708,4.276750937003273
1,2,31,94,0.0,1.7011707745668327,2.013994525231043,2.06803069053708,-1.7011707745668327,1.7011707745668327,2.8939820042403177,-2.013994525231043,2.013994525231043,4.056173947660614,-2.06803069053708,2.06803069053708,4.276750937003273
1,2,32,64,0.060559796437659,1.7515530196204039,2.013994525231043,2.06803069053708,-1.690993223182745,1.690993223182745,2.8594580808499686,-1.953434728793384,1.953434728793384,3.815907239656082,-2.0074708940994213,2.0074708940994213,4.02993939065633
1,2,32,93,0.0601769911504425,1.695784336830137,2.013994525231043,2.06803069053708,-1.6356073456796947,1.6356073456796947,2.675211389241376,-1.9538175340806005,1.9538175340806005,3.8174029564807985,-2.007853699386638,2.007853699386638,4.031476478140607
1,2,34,68,4.64371859296482,2.4510528261819085,2.013994525231043,2.06803069053708,2.1926657667829117,2.1926657667829117,4.807783164821694,2.629724067733777,2.629724067733777,6.915448672418283,2.57568790242774,2.57568790242774,6.634168170712611
1,2,34,119,4.66071428571429,2.617535056809853,2.013994525231043,2.06803069053708,2.043179228904437,2.043179228904437,4.17458136142653,2.646719760483247,2.646719760483247,7.005125490532497,2.59268359517721,2.59268359517721,6.722008224701022
1,2,34,176,4.66162642947903,2.3057605814395887,2.013994525231043,2.06803069053708,2.3558658480394414,2.3558658480394414,5.550103893958597,2.6476319042479872,2.6476319042479872,7.009954700391823,2.59359573894195,2.59359573894195,6.726738857057839
1,2,35,54,2.10432569974555,2.3253034815143185,2.013994525231043,2.06803069053708,-0.22097778176876837,0.22097778176876837,0.04883118003544542,0.09033117451450723,0.09033117451450723,0.00815972108917036,0.03629500920846995,0.03629500920846995,0.0013173276934429186
1,2,36,29,1.6211320754717,2.197773905863317,2.013994525231043,2.06803069053708,-0.576641830391617,0.576641830391617,0.3325158005573944,-0.3928624497593429,0.3928624497593429,0.15434090443091225,-0.4468986150653802,0.4468986150653802,0.19971837214735486
1,2,36,121,1.6211320754717,2.2054273372765394,2.013994525231043,2.06803069053708,-0.5842952618048394,0.5842952618048394,0.34140095296758577,-0.3928624497593429,0.3928624497593429,0.15434090443091225,-0.4468986150653802,0.4468986150653802,0.19971837214735486
1,2,36,179,1.6212927756654,2.052170705187648,2.013994525231043,2.06803069053708,-0.430877929522248,0.430877929522248,0.18565579014937933,-0.39270174956564285,0.39270174956564285,0.15421466411191687,-0.44673791487168013,0.44673791487168013,0.19957476458389653
1,2,44,61,0.994622279129321,2.010292274314377,2.013994525231043,2.06803069053708,-1.015669995185056,1.015669995185056,1.031585539119212,-1.0193722461017218,1.0193722461017218,1.0391197761224693,-1.073408411407759,1.073408411407759,1.152205617680929
1,2,45,15,2.82259306803594,2.054224628585992,2.013994525231043,2.06803069053708,0.7683684394499477,0.7683684394499477,0.590390058742748,0.808598542804897,0.808598542804897,0.6538316034262027,0.7545623774988597,0.7545623774988597,0.5693643815367316
1,2,45,191,2.80556962025316,2.223582615823827,2.013994525231043,2.06803069053708,0.5819870044293332,0.5819870044293332,0.3387088733246286,0.7915750950221172,0.7915750950221172,0.6265911310592739,0.7375389297160799,0.7375389297160799,0.5439636728467407
1,2,58,16,2.41581632653061,2.0440469315094303,2.013994525231043,2.06803069053708,0.3717693950211798,0.3717693950211798,0.13821248307441403,0.4018218012995671,0.4018218012995671,0.1614607599996288,0.34778563599352985,0.34778563599352985,0.12095484860342405
1,2,58,180,2.17931034482759,1.9954447099021098,2.013994525231043,2.06803069053708,0.18386563492548036,0.18386563492548036,0.03380657170655002,0.16531581959654718,0.16531581959654718,0.02732932020887813,0.1112796542905099,0.1112796542905099,0.012383161459015399
1,2,59,26,2.72397959183673,2.096804946333035,2.013994525231043,2.06803069053708,0.6271746455036951,0.6271746455036951,0.3933480359626856,0.7099850666056873,0.7099850666056873,0.5040787948030822,0.65594890129965,0.65594890129965,0.430268961116218
1,2,59,182,2.723273657289,2.050981373686876,2.013994525231043,2.06803069053708,0.6722922836021241,0.6722922836021241,0.4519769145909589,0.709279132057957,0.709279132057957,0.5030768871728888,0.6552429667519197,0.6552429667519197,0.4293433454778574
1,2,68,175,0.8,1.9313167106313707,2.013994525231043,2.06803069053708,-1.1313167106313706,1.1313167106313706,1.2798774997537843,-1.213994525231043,1.213994525231043,1.4737827072909453,-1.2680306905370802,1.2680306905370802,1.6079018321439444
1,3,5,1,0.0,1.6875902984458648,2.1021504016320907,2.31173469387755,-1.6875902984458648,1.6875902984458648,2.847961015408603,-2.1021504016320907,2.1021504016320907,4.41903631108196,-2.31173469387755,2.31173469387755,5.34411729487713
1,3,5,91,0.0,1.7352561431988285,2.1021504016320907,2.31173469387755,-1.7352561431988285,1.7352561431988285,3.011113882509273,-2.1021504016320907,2.1021504016320907,4.41903631108196,-2.31173469387755,2.31173469387755,5.34411729487713
1,3,6,2,0.143877551020408,1.6271991869506304,2.1021504016320907,2.31173469387755,-1.4833216359302224,1.4833216359302224,2.2002430756187112,-1.9582728506116827,1.9582728506116827,3.8348325574428057,-2.167857142857142,2.167857142857142,4.69960459183673
1,3,7,5,0.161734693877551,1.6720673042061474,2.1021504016320907,2.31173469387755,-1.5103326103285963,1.5103326103285963,2.2811045938219916,-1.9404157077545396,1.9404157077545396,3.765213118900551,-2.149999999999999,2.149999999999999,4.622499999999996
1,3,7,90,0.211616161616162,1.7491921446448202,2.1021504016320907,2.31173469387755,-1.5375759830286582,1.5375759830286582,2.3641399035865445,-1.8905342400159286,1.8905342400159286,3.574119712672605,-2.100118532261388,2.100118532261388,4.410497849547727
1,3,8,9,0.798482932996207,1.9715278681502229,2.1021504016320907,2.31173469387755,-1.173044935154016,1.173044935154016,1.3760344198904895,-1.3036674686358838,1.3036674686358838,1.699548868779493,-1.5132517608813432,1.5132517608813432,2.289930891810486
1,3,8,104,0.814267515923567,2.12081216740049,2.1021504016320907,2.31173469387755,-1.3065446514769228,1.3065446514769228,1.7070589263029536,-1.2878828857085236,1.2878828857085236,1.658642327300914,-1.497467177953983,1.497467177953983,2.2424079490494657
1,3,10,11,0.924137931034483,1.9864635230052343,2.1021504016320907,2.31173469387755,-1.0623255919707513,1.0623255919707513,1.128535663356007,-1.1780124705976076,1.1780124705976076,1.3877133808834794,-1.387596762843067,1.387596762843067,1.9254247762525587
1,3,10,106,0.920051085568327,2.091124577878758,2.1021504016320907,2.31173469387755,-1.171073492310431,1.171073492310431,1.3714131243921488,-1.1820993160637636,1.1820993160637636,1.3973587930384177,-1.391683608309223,1.391683608309223,1.9367832656365789
1,3,13,21,1.8693094629156,1.7442374100803288,2.1021504016320907,2.31173469387755,0.12507205283527112,0.12507205283527112,0.01564301840042885,-0.2328409387164907,0.2328409387164907,0.05421490274237658,-0.4424252309619501,0.4424252309619501,0.19574008499173487
1,3,13,112,1.92017879948914,1.8234330930484806,2.1021504016320907,2.31173469387755,0.09674570644065938,0.09674570644065938,0.009359731714702243,-0.18197160214295072,0.18197160214295072,0.03311366398647234,-0.3915558943884101,0.3915558943884101,0.15331601843030776
1,3,14,40,1.7,1.7747914993960805,2.1021504016320907,2.31173469387755,-0.07479149939608054,0.07479149939608054,0.005593768381913916,-0.4021504016320907,0.4021504016320907,0.16172494553285185,-0.6117346938775501,0.6117346938775501,0.3742193356934599
1,3,18,56,4.53520408163265,2.5161818907322417,2.1021504016320907,2.31173469387755,2.0190221909004085,2.0190221909004085,4.076450607348286,2.4330536800005595,2.4330536800005595,5.919750209764265,2.2234693877551,2.2234693877551,4.94381611828404
1,3,18,103,4.52977099236641,2.495634970215742,2.1021504016320907,2.31173469387755,2.0341360221506677,2.0341360221506677,4.137709356610942,2.427620590734319,2.427620590734319,5.893341732557244,2.2180362984888595,2.2180362984888595,4.919685021414161
1,3,21,67,0.691187739463601,2.2612256292594264,2.1021504016320907,2.31173469387755,-1.5700378897958254,1.5700378897958254,2.4650189753945284,-1.4109626621684896,1.4109626621684896,1.9908156340335914,-1.620546954413949,1.620546954413949,2.6261724314603256
1,3,21,117,0.493129770992366,2.0803517739350172,2.1021504016320907,2.31173469387755,-1.5872220029426511,1.5872220029426511,2.519273686625281,-1.6090206306397246,1.6090206306397246,2.588947389824257,-1.818604922885184,1.818604922885184,3.3073238655422257
1,3,23,50,2.49337579617834,2.2060123664982014,2.1021504016320907,2.31173469387755,0.2873634296801386,0.2873634296801386,0.08257774071753197,0.3912253945462494,0.3912253945462494,0.15305730933786849,0.18164110230079,0.18164110230079,0.03299349004504606
1,3,23,99,2.45701643489254,2.064902937912836,2.1021504016320907,2.31173469387755,0.3921134969797042,0.3921134969797042,0.1537529945136525,0.3548660332604494,0.3548660332604494,0.1259299015620064,0.14528174101499003,0.14528174101499003,0.021106784272346635
1,3,41,58,2.58339719029374,2.4883285509791335,2.1021504016320907,2.31173469387755,0.09506863931460652,0.09506863931460652,0.009038046181130749,0.4812467886616494,0.4812467886616494,0.23159847159715022,0.27166249641619,0.27166249641619,0.07380051195907644
1,3,41,110,2.58339719029374,2.1486412917799176,2.1021504016320907,2.31173469387755,0.43475589851382246,0.43475589851382246,0.1890126912925611,0.4812467886616494,0.4812467886616494,0.23159847159715022,0.27166249641619,0.27166249641619,0.07380051195907644
1,3,43,65,2.13282247765006,2.038842517064034,2.1021504016320907,2.31173469387755,0.09397996058602587,0.09397996058602587,0.008832232991750975,0.030672076017969285,0.030672076017969285,0.0009407762472520866,-0.1789122162274901,0.1789122162274901,0.03200958111543217
1,3,51,35,1.95357142857143,2.267659166159673,2.1021504016320907,2.31173469387755,-0.3140877375882427,0.3140877375882427,0.09865110690330081,-0.1485789730606606,0.1485789730606606,0.022075711235760506,-0.35816326530611997,0.35816326530611997,0.12828092461474208
1,3,51,168,2.06803069053708,2.089456301094961,2.1021504016320907,2.31173469387755,-0.021425610557880947,0.021425610557880947,0.0004590567877779795,-0.03411971109501044,0.03411971109501044,0.0011641546852069785,-0.24370400334046982,0.24370400334046982,0.059391641244171726
1,3,55,36,2.78828025477707,2.177329685402878,2.1021504016320907,2.31173469387755,0.6109505693741921,0.6109505693741921,0.37326059821864954,0.6861298531449793,0.6861298531449793,0.47077417537675087,0.47654556089951994,0.47654556089951994,0.22709567161303806
1,3,55,187,3.19181585677749,2.1537591876044395,2.1021504016320907,2.31173469387755,1.0380566691730504,1.0380566691730504,1.0775616484146477,1.0896654551453993,1.0896654551453993,1.1873708041372302,0.8800811628999399,0.8800811628999399,0.7745428532913105
1,3,60,43,2.39642857142857,2.170761275242535,2.1021504016320907,2.31173469387755,0.22566729618603487,0.22566729618603487,0.050925728567915586,0.29427816979647936,0.29427816979647936,0.08659964121876554,0.08469387755101998,0.08469387755101998,0.007173052894627166
1,3,60,181,2.39131545338442,2.0659386731661673,2.1021504016320907,2.31173469387755,0.32537678021825256,0.32537678021825256,0.10587004910519703,0.2891650517523292,0.2891650517523292,0.08361642715492723,0.07958075950686982,0.07958075950686982,0.006333097283690252
1,3,61,66,2.82915601023018,2.0909245098729814,2.1021504016320907,2.31173469387755,0.7382315003571986,0.7382315003571986,0.5449857481196406,0.7270056085980894,0.7270056085980894,0.5285371549330783,0.51742131635263,0.51742131635263,0.26772481861608843
1,3,61,171,2.80689655172414,2.242996100214728,2.1021504016320907,2.31173469387755,0.5639004515094124,0.5639004515094124,0.3179837192125191,0.7047461500920496,0.7047461500920496,0.49666713606956564,0.49516185784659017,0.49516185784659017,0.24518526546608677
1,3,65,87,4.57687420584498,2.385516730138643,2.1021504016320907,2.31173469387755,2.1913574757063374,2.1913574757063374,4.8020475863340515,2.4747238042128896,2.4747238042128896,6.124257907137917,2.2651395119674302,2.2651395119674302,5.130857008676048
2,1,2,17,3.61527777777778,2.1601239517710127,2.048200932688388,2.29718670076726,1.4551538260067671,1.4551538260067671,2.1174726573421325,1.567076845089392,1.567076845089392,2.455729838415322,1.3180910770105196,1.3180910770105196,1.7373640872947516
2,1,2,88,3.63541401273885,1.9873780805818948,2.048200932688388,2.29718670076726,1.648035932156955,1.648035932156955,2.7160224336804437,1.587213080050462,1.587213080050462,2.519245361483274,1.3382273119715897,1.3382273119715897,1.7908523385067066
2,1,6,2,0.143877551020408,1.6439572189983338,2.048200932688388,2.29718670076726,-1.5000796679779258,1.5000796679779258,2.250239010280764,-1.9043233816679799,1.9043233816679799,3.6264475419673707,-2.1533091497468524,2.1533091497468524,4.636740294383513
2,1,18,56,4.53520408163265,2.5637523812083307,2.048200932688388,2.29718670076726,1.9714517004243195,1.9714517004243195,3.8866218071059406,2.4870031489442623,2.4870031489442623,6.185184662858677,2.23801738086539,2.23801738086539,5.00872179705558
2,1,18,103,4.52977099236641,2.5266434444846237,2.048200932688388,2.29718670076726,2.003127547881786,2.003127547881786,4.012519973082896,2.4815700596780217,2.4815700596780217,6.15818996109038,2.2325842915991494,2.2325842915991494,4.9844326190952755
2,1,19,59,0.854891994917408,1.945215201248117,2.048200932688388,2.29718670076726,-1.0903232063307091,1.0903232063307091,1.1888046942632782,-1.19330893777098,1.19330893777098,1.4239862209641048,-1.4422947058498523,1.4422947058498523,2.080214018522512
2,1,19,116,0.831162196679438,1.8836640701656497,2.048200932688388,2.29718670076726,-1.0525018734862117,1.0525018734862117,1.1077601936919856,-1.2170387360089499,1.2170387360089499,1.4811832849462623,-1.4660245040878221,1.4660245040878221,2.1492278465859447
2,1,21,67,0.691187739463601,2.369082522403717,2.048200932688388,2.29718670076726,-1.6778947829401158,1.6778947829401158,2.8153309026176583,-1.3570131932247869,1.3570131932247869,1.8414848065861327,-1.6059989613036592,1.6059989613036592,2.579232663708432
2,1,21,117,0.493129770992366,2.035245042307743,2.048200932688388,2.29718670076726,-1.5421152713153767,1.5421152713153767,2.378119510024098,-1.5550711616960218,1.5550711616960218,2.418246317938615,-1.804056929774894,1.804056929774894,3.254621405868817
2,1,24,34,3.0616368286445,2.302620254659652,2.048200932688388,2.29718670076726,0.759016573984848,0.759016573984848,0.5761061595836963,1.0134358959561123,1.0134358959561123,1.027052315212368,0.76445012787724,0.76445012787724,0.5843839980115285
2,1,24,100,3.06117496807152,2.0510939756178974,2.048200932688388,2.29718670076726,1.0100809924536227,1.0100809924536227,1.0202636113160954,1.0129740353831322,1.0129740353831322,1.0261163963603872,0.76398826730426,0.76398826730426,0.5836780725785653
2,1,27,195,2.81967213114754,2.5738078735642578,2.048200932688388,2.29718670076726,0.24586425758328234,0.24586425758328234,0.06044923315697861,0.7714711984591522,0.7714711984591522,0.5951678100520007,0.52248543038028,0.52248543038028,0.2729910249596664
2,1,32,64,0.060559796437659,1.832325472339228,2.048200932688388,2.29718670076726,-1.771765675901569,1.771765675901569,3.1391536103029436,-1.987641136250729,1.987641136250729,3.9507172865160887,-2.236626904329601,2.236626904329601,5.002499909171015
2,1,32,93,0.0601769911504425,1.6504875303190703,2.048200932688388,2.29718670076726,-1.5903105391686279,1.5903105391686279,2.529087610990812,-1.9880239415379455,1.9880239415379455,3.9522391921280686,-2.2370097096168178,2.2370097096168178,5.004212440919919
2,1,36,29,1.6211320754717,2.22862187199102,2.048200932688388,2.29718670076726,-0.6074897965193198,0.6074897965193198,0.36904385287508457,-0.42706885721668786,0.42706885721668786,0.18238780880436772,-0.6760546252955602,0.6760546252955602,0.45704985638352025
2,1,36,121,1.6211320754717,2.302097052055977,2.048200932688388,2.29718670076726,-0.6809649765842771,0.6809649765842771,0.4637132993344251,-0.42706885721668786,0.42706885721668786,0.18238780880436772,-0.6760546252955602,0.6760546252955602,0.45704985638352025
2,1,36,179,1.6212927756654,2.129207545486908,2.048200932688388,2.29718670076726,-0.5079147698215081,0.5079147698215081,0.25797741340283553,-0.4269081570229878,0.4269081570229878,0.182250574532764,-0.6758939251018601,0.6758939251018601,0.45683259798959885
2,1,38,27,1.64025157232704,1.9947892791382835,2.048200932688388,2.29718670076726,-0.3545377068112434,0.3545377068112434,0.1256969855509752,-0.40794936036134777,0.40794936036134777,0.1664226806192328,-0.6569351284402201,0.6569351284402201,0.4315637629787684
2,1,38,123,1.36294416243655,1.8588246907458856,2.048200932688388,2.29718670076726,-0.4958805283093357,0.4958805283093357,0.2458974983563459,-0.685256770251838,0.685256770251838,0.46957684117598025,-0.9342425383307102,0.9342425383307102,0.8728091204266086
2,1,39,38,1.83168567807351,1.8573506304075693,2.048200932688388,2.29718670076726,-0.0256649523340593,0.0256649523340593,0.0006586897783095358,-0.21651525461487786,0.21651525461487786,0.04687885548094539,-0.46550102269375015,0.46550102269375015,0.21669120212892728
2,1,42,30,0.30537084398977,1.8690975683143851,2.048200932688388,2.29718670076726,-1.5637267243246151,1.5637267243246151,2.445241268366991,-1.7428300886986179,1.7428300886986179,3.037456718073232,-1.9918158567774902,1.9918158567774902,3.9673304073102473
2,1,43,65,2.13282247765006,2.076281502824801,2.048200932688388,2.29718670076726,0.05654097482525877,0.05654097482525877,0.003196881834190546,0.08462154496167207,0.08462154496167207,0.007160805871700288,-0.16436422311720023,0.16436422311720023,0.027015597840920776
2,1,44,61,0.994622279129321,1.931603601104692,2.048200932688388,2.29718670076726,-0.936981321975371,0.936981321975371,0.8779339977307138,-1.0535786535590668,1.0535786535590668,1.110027979235336,-1.302564421637939,1.302564421637939,1.6966740725169787
2,1,54,55,2.89355246523388,2.3719662747662364,2.048200932688388,2.29718670076726,0.5215861904676435,0.5215861904676435,0.2720521540865489,0.8453515325454921,0.8453515325454921,0.7146192135770122,0.5963657644666198,0.5963657644666198,0.35565212502785587
2,1,54,185,2.89731113956466,2.261036125481512,2.048200932688388,2.29718670076726,0.6362750140831479,0.6362750140831479,0.40484589354651007,0.8491102068762721,0.8491102068762721,0.7209881434214657,0.6001244387973999,0.6001244387973999,0.36014934204189414
2,1,60,43,2.39642857142857,2.103532173052267,2.048200932688388,2.29718670076726,0.2928963983763029,0.2928963983763029,0.08578830018180993,0.34822763874018214,0.34822763874018214,0.1212624883825628,0.09924187066130985,0.09924187066130985,0.009848948892356152
2,1,60,181,2.39131545338442,2.005037973749388,2.048200932688388,2.29718670076726,0.3862774796350319,0.3862774796350319,0.1492102912731925,0.343114520696032,0.343114520696032,0.11772757431246776,0.0941287526171597,0.0941287526171597,0.008860222069262447
2,1,61,66,2.82915601023018,2.014949440416328,2.048200932688388,2.29718670076726,0.8142065698138521,0.8142065698138521,0.6629323383280392,0.7809550775417922,0.7809550775417922,0.6098908331383066,0.5319693094629199,0.5319693094629199,0.2829913462104558
2,1,61,171,2.80689655172414,2.2093697948906628,2.048200932688388,2.29718670076726,0.5975267568334774,0.5975267568334774,0.3570382251319337,0.7586956190357523,0.7586956190357523,0.5756190423440435,0.50970985095688,0.50970985095688,0.2598041321624849
2,1,65,87,4.57687420584498,2.30688785661776,2.048200932688388,2.29718670076726,2.2699863492272203,2.2699863492272203,5.152838025677924,2.5286732731565924,2.5286732731565924,6.394188522376474,2.27968750507772,2.27968750507772,5.196975120807481
2,2,7,5,0.161734693877551,1.6695306228354685,2.1952485455914763,2.31868686868687,-1.5077959289579175,1.5077959289579175,2.273448563382069,-2.0335138517139253,2.0335138517139253,4.1351785851124045,-2.156952174809319,2.156952174809319,4.652442684414651
2,2,7,90,0.211616161616162,1.846321924968503,2.1952485455914763,2.31868686868687,-1.634705763352341,1.634705763352341,2.6722629327373597,-1.9836323839753143,1.9836323839753143,3.9347974347555885,-2.107070707070708,2.107070707070708,4.439746964595454
2,2,8,9,0.798482932996207,2.109146254088845,2.1952485455914763,2.31868686868687,-1.3106633210926382,1.3106633210926382,1.717838341257584,-1.3967656125952694,1.3967656125952694,1.9509541765286382,-1.5202039356906631,1.5202039356906631,2.311020006089382
2,2,8,104,0.814267515923567,2.204153926237078,2.1952485455914763,2.31868686868687,-1.389886410313511,1.389886410313511,1.9317842335741773,-1.3809810296679093,1.3809810296679093,1.9071086043026388,-1.504419352763303,1.504419352763303,2.2632775889687555
2,2,12,37,2.88193384223919,2.127087172573104,2.1952485455914763,2.31868686868687,0.7548466696660858,0.7548466696660858,0.5697934947059808,0.6866852966477137,0.6866852966477137,0.4715366966321586,0.56324697355232,0.56324697355232,0.3172471532158479
2,2,12,108,2.93148614609572,2.214331534238537,2.1952485455914763,2.31868686868687,0.717154611857183,0.717154611857183,0.5143107373080268,0.7362376005042437,0.7362376005042437,0.5420458043962464,0.61279927740885,0.61279927740885,0.3755229543928087
2,2,14,40,1.7,1.7954567074571706,2.1952485455914763,2.31868686868687,-0.09545670745717061,0.09545670745717061,0.00911198299856385,-0.49524854559147635,0.49524854559147635,0.24527112191047262,-0.6186868686868701,0.6186868686868701,0.3827734414855644
2,2,15,44,1.7,1.8393731027188225,2.1952485455914763,2.31868686868687,-0.13937310271882253,0.13937310271882253,0.019424861761471457,-0.49524854559147635,0.49524854559147635,0.24527112191047262,-0.6186868686868701,0.6186868686868701,0.3827734414855644
2,2,15,114,1.7,1.9165685131211259,2.1952485455914763,2.31868686868687,-0.2165685131211259,0.2165685131211259,0.04690192087549528,-0.49524854559147635,0.49524854559147635,0.24527112191047262,-0.6186868686868701,0.6186868686868701,0.3827734414855644
2,2,17,53,3.98612862547289,2.443846825375939,2.1952485455914763,2.31868686868687,1.542281800096951,1.542281800096951,2.378633150910291,1.7908800798814135,1.7908800798814135,3.207251460516058,1.6674417567860198,1.6674417567860198,2.780362012273648
2,2,17,101,3.92331210191083,2.4462087136559365,2.1952485455914763,2.31868686868687,1.4771033882548936,1.4771033882548936,2.181834419594087,1.7280635563193538,1.7280635563193538,2.9862036546790924,1.6046252332239601,1.6046252332239601,2.5748221390990484
2,2,20,63,1.4794380587484,2.0416347197028757,2.1952485455914763,2.31868686868687,-0.5621966609544757,0.5621966609544757,0.3160650855883617,-0.7158104868430764,0.7158104868430764,0.512384653074522,-0.8392488099384701,0.8392488099384701,0.7043385649831383
2,2,20,115,1.66224489795918,2.019048263761726,2.1952485455914763,2.31868686868687,-0.356803365802546,0.356803365802546,0.12730864184802546,-0.5330036476322964,0.5330036476322964,0.2840928883893331,-0.6564419707276901,0.6564419707276901,0.4309160609328535
2,2,22,22,0.495796178343949,2.339280314158229,2.1952485455914763,2.31868686868687,-1.8434841358142797,1.8434841358142797,3.3984337589989217,-1.6994523672475272,1.6994523672475272,2.888138348543224,-1.822890690342921,1.822890690342921,3.3229304689388908
2,2,23,50,2.49337579617834,2.349843262141775,2.1952485455914763,2.31868686868687,0.14353253403656518,0.14353253403656518,0.020601588326957743,0.29812725058686373,0.29812725058686373,0.08887985754248265,0.17468892749147003,0.17468892749147003,0.03051622138812007
2,2,23,99,2.45701643489254,2.278099318148026,2.1952485455914763,2.31868686868687,0.17891711674451427,0.17891711674451427,0.03201133466417015,0.26176788930106376,0.26176788930106376,0.06852242786913397,0.13832956620567005,0.13832956620567005,0.019135068886648853
2,2,31,32,0.0,1.7407305498545866,2.1952485455914763,2.31868686868687,-1.7407305498545866,1.7407305498545866,3.0301428471970517,-2.1952485455914763,2.1952485455914763,4.819116176921492,-2.31868686868687,2.31868686868687,5.376308795020923
2,2,31,94,0.0,1.957080364698635,2.1952485455914763,2.31868686868687,-1.957080364698635,1.957080364698635,3.830163553888942,-2.1952485455914763,2.1952485455914763,4.819116176921492,-2.31868686868687,2.31868686868687,5.376308795020923
2,2,33,60,0.0,1.8116764039131596,2.1952485455914763,2.31868686868687,-1.8116764039131596,1.8116764039131596,3.282171392495718,-2.1952485455914763,2.1952485455914763,4.819116176921492,-2.31868686868687,2.31868686868687,5.376308795020923
2,2,33,95,0.0,1.9518373263144222,2.1952485455914763,2.31868686868687,-1.9518373263144222,1.9518373263144222,3.8096689483942323,-2.1952485455914763,2.1952485455914763,4.819116176921492,-2.31868686868687,2.31868686868687,5.376308795020923
2,2,34,68,4.64371859296482,2.596519210540182,2.1952485455914763,2.31868686868687,2.047199382424638,2.047199382424638,4.1910253113998195,2.448470047373344,2.448470047373344,5.995005572884424,2.32503172427795,2.32503172427795,5.405772518898898
2,2,34,119,4.66071428571429,2.726628837566056,2.1952485455914763,2.31868686868687,1.9340854481482341,1.9340854481482341,3.740686520738756,2.4654657401228137,2.4654657401228137,6.078521315719334,2.34202741702742,2.34202741702742,5.485092422108129
2,2,34,176,4.66162642947903,2.4481799121563195,2.1952485455914763,2.31868686868687,2.2134465173227107,2.2134465173227107,4.899345485048037,2.466377883887554,2.466377883887554,6.083019866129648,2.34293956079216,2.34293956079216,5.48936578552496
2,2,35,54,2.10432569974555,2.425699899984643,2.1952485455914763,2.31868686868687,-0.3213742002390929,0.3213742002390929,0.10328137657931659,-0.09092284584592614,0.09092284584592614,0.008266963896722048,-0.21436116894131985,0.21436116894131985,0.045950710749889066
2,2,41,58,2.58339719029374,2.64899751524954,2.1952485455914763,2.31868686868687,-0.06560032495579993,0.06560032495579993,0.004303402634306547,0.38814864470226373,0.38814864470226373,0.15065937038420416,0.26471032160687,0.26471032160687,0.07007155436521256
2,2,41,110,2.58339719029374,2.3805199978256937,2.1952485455914763,2.31868686868687,0.20287719246804636,0.20287719246804636,0.04115915522371673,0.38814864470226373,0.38814864470226373,0.15065937038420416,0.26471032160687,0.26471032160687,0.07007155436521256
2,2,45,15,2.82259306803594,2.1782329153514923,2.1952485455914763,2.31868686868687,0.6443601526844476,0.6443601526844476,0.4152000063675246,0.6273445224444636,0.6273445224444636,0.3935611498410721,0.5039061993490699,0.5039061993490699,0.2539214577424246
2,2,45,191,2.80556962025316,2.376216495927075,2.1952485455914763,2.31868686868687,0.4293531243260853,0.4293531243260853,0.18434410536857085,0.6103210746616838,0.6103210746616838,0.37249181417619265,0.48688275156629013,0.48688275156629013,0.2370548137727618
2,2,53,19,2.70050505050505,2.2538932903690587,2.1952485455914763,2.31868686868687,0.44661176013599135,0.44661176013599135,0.19946206429176827,0.5052565049135738,0.5052565049135738,0.2552841357574802,0.38181818181818006,0.38181818181818006,0.1457851239669408
2,2,53,184,2.675,2.1395394419502116,2.1952485455914763,2.31868686868687,0.5354605580497882,0.5354605580497882,0.2867180092269906,0.4797514544085235,0.4797514544085235,0.23016145800709362,0.3563131313131298,0.3563131313131298,0.12695904754616769
2,2,67,173,0.161941251596424,1.9429582683393767,2.1952485455914763,2.31868686868687,-1.7810170167429527,1.7810170167429527,3.172021613927967,-2.0333072939950525,2.0333072939950525,4.1343385518134825,-2.156745617090446,2.156745617090446,4.6515516568388495
2,2,68,175,0.8,2.0581912686748374,2.1952485455914763,2.31868686868687,-1.2581912686748373,1.2581912686748373,1.5830452685695966,-1.3952485455914763,1.3952485455914763,1.9467185039751298,-1.51868686868687,1.51868686868687,2.3064098051219304
2,3,1,12,2.38544061302682,1.8489301333356591,1.8986943956586375,1.83168567807351,0.5365104796911608,0.5365104796911608,0.2878434948184395,0.48674621736818247,0.48674621736818247,0.23692188012223395,0.55375493495331,0.55375493495331,0.3066445279851445
2,3,5,1,0.0,1.4890885540912269,1.8986943956586375,1.83168567807351,-1.4890885540912269,1.4890885540912269,2.2173847219255007,-1.8986943956586375,1.8986943956586375,3.6050404081055185,-1.83168567807351,1.83168567807351,3.3550724232596143
2,3,5,91,0.0,1.6082028554009562,1.8986943956586375,1.83168567807351,-1.6082028554009562,1.6082028554009562,2.5863164241197887,-1.8986943956586375,1.8986943956586375,3.6050404081055185,-1.83168567807351,1.83168567807351,3.3550724232596143
2,3,10,11,0.924137931034483,1.8269764270217765,1.8986943956586375,1.83168567807351,-0.9028384959872935,0.9028384959872935,0.8151173498365981,-0.9745564646241545,0.9745564646241545,0.9497603027407309,-0.907547747039027,0.907547747039027,0.8236429131556137
2,3,10,106,0.920051085568327,1.8904989620199848,1.8986943956586375,1.83168567807351,-0.9704478764516578,0.9704478764516578,0.941769080909532,-0.9786433100903105,0.9786433100903105,0.9577427283845196,-0.911634592505183,0.911634592505183,0.831077630252091
2,3,11,33,2.31868686868687,1.8021271236005385,1.8986943956586375,1.83168567807351,0.5165597450863315,0.5165597450863315,0.2668339702436558,0.4199924730282325,0.4199924730282325,0.1763936774003706,0.48700119061336,0.48700119061336,0.2371701596588302
2,3,11,107,2.31173469387755,1.7878893056775214,1.8986943956586375,1.83168567807351,0.5238453882000287,0.5238453882000287,0.27441399073843875,0.4130402982189125,0.4130402982189125,0.1706022879527682,0.48004901580404,0.48004901580404,0.23044705757442746
2,3,13,21,1.8693094629156,1.6400993928942795,1.8986943956586375,1.83168567807351,0.22921007002132043,0.22921007002132043,0.052537256199178616,-0.02938493274303755,0.02938493274303755,0.0008634742723128404,0.03762378484208995,0.03762378484208995,0.0014155491858438773
2,3,13,112,1.92017879948914,1.6624600552265296,1.8986943956586375,1.83168567807351,0.2577187442626103,0.2577187442626103,0.06641895114429675,0.02148440383050243,0.02148440383050243,0.0004615796079521075,0.08849312141562993,0.08849312141562993,0.00783103253788142
2,3,29,41,3.29092055485498,2.131463158428879,1.8986943956586375,1.83168567807351,1.159457396426101,1.159457396426101,1.3443414541271927,1.3922261591963425,1.3922261591963425,1.9382936783505997,1.45923487678147,1.45923487678147,2.129366425615432
2,3,29,196,3.25476493011436,2.2074859933408666,1.8986943956586375,1.83168567807351,1.0472789367734934,1.0472789367734934,1.0967931714094188,1.3560705344557225,1.3560705344557225,1.8389272944190287,1.42307925204085,1.42307925204085,2.0251545575891448
2,3,30,197,3.67509529860229,1.9447254942474892,1.8986943956586375,1.83168567807351,1.7303698043548006,1.7303698043548006,2.994179659822871,1.7764009029436523,1.7764009029436523,3.1556001679790233,1.8434096205287798,1.8434096205287798,3.3981590290580597
2,3,40,28,3.84234693877551,1.952431490286792,1.8986943956586375,1.83168567807351,1.8899154484887177,1.8899154484887177,3.571780402436311,1.9436525431168723,1.9436525431168723,3.7777852083646852,2.010661260702,2.010661260702,4.042758705287755
2,3,46,42,2.29718670076726,2.02931088721417,1.8986943956586375,1.83168567807351,0.2678758135530903,0.2678758135530903,0.07175745148673,0.39849230510862266,0.39849230510862266,0.1587961172307836,0.46550102269375015,0.46550102269375015,0.21669120212892728
2,3,46,189,2.33401015228426,2.12020001825892,1.8986943956586375,1.83168567807351,0.21381013402534021,0.21381013402534021,0.045714773411933946,0.4353157566256225,0.4353157566256225,0.1894998079665382,0.50232447421075,0.50232447421075,0.25232987739110646
2,3,47,25,1.8537084398977,2.0869408120167883,1.8986943956586375,1.83168567807351,-0.23323237211908832,0.23323237211908832,0.054397339404296884,-0.04498595576093756,0.04498595576093756,0.002023736215725031,0.02202276182418994,0.02202276182418994,0.0004850020383649978
2,3,47,190,1.84112388250319,2.086545265311863,1.8986943956586375,1.83168567807351,-0.24542138280867287,0.24542138280867287,0.06023165513972115,-0.05757051315544759,0.05757051315544759,0.003314363984981564,0.009438204429679908,0.009438204429679908,8.907970285642945e-05
2,3,48,46,4.42199488491049,2.4654600088301257,1.8986943956586375,1.83168567807351,1.9565348760803647,1.9565348760803647,3.828028721318808,2.523300489251853,2.523300489251853,6.3670453590586416,2.5903092068369804,2.5903092068369804,6.709701787024427
2,3,48,169,4.4079283887468,2.286347044928756,1.8986943956586375,1.83168567807351,2.121581343818044,2.121581343818044,4.501107398436778,2.509233993088163,2.509233993088163,6.296255232069167,2.57624271067329,2.57624271067329,6.637026504297261
2,3,48,192,4.3542199488491,2.324296075921616,1.8986943956586375,1.83168567807351,2.029923872927484,2.029923872927484,4.120590929880917,2.455525553190463,2.455525553190463,6.029605742371329,2.5225342707755902,2.5225342707755902,6.3631791472373385
2,3,51,35,1.95357142857143,2.1576319584691466,1.8986943956586375,1.83168567807351,-0.2040605298977165,0.2040605298977165,0.04164069986213685,0.054877032912792556,0.054877032912792556,0.0030114887413117174,0.12188575049792005,0.12188575049792005,0.014856136174441219
2,3,51,168,2.06803069053708,2.0036512769589323,1.8986943956586375,1.83168567807351,0.06437941357814791,0.06437941357814791,0.0041447088926662165,0.1693362948784427,0.1693362948784427,0.0286747807631589,0.2363450124635702,0.2363450124635702,0.05585896491640516
2,3,52,39,2.89553001277139,1.9752663427621024,1.8986943956586375,1.83168567807351,0.9202636700092877,0.9202636700092877,0.8468852223389631,0.9968356171127526,0.9968356171127526,0.9936812475445623,1.06384433469788,1.06384433469788,1.131764768468775
2,3,52,183,2.93997445721584,1.8648409718235637,1.8986943956586375,1.83168567807351,1.0751334853922765,1.0751334853922765,1.1559120114117445,1.0412800615572027,1.0412800615572027,1.0842641665965718,1.1082887791423301,1.1082887791423301,1.2283040179727966
2,3,55,36,2.78828025477707,2.034006157331945,1.8986943956586375,1.83168567807351,0.754274097445125,0.754274097445125,0.5689294140766579,0.8895858591184325,0.8895858591184325,0.7913630007434795,0.95659457670356,0.95659457670356,0.915073184178663
2,3,55,187,3.19181585677749,1.9470291673332876,1.8986943956586375,1.83168567807351,1.2447866894442023,1.2447866894442023,1.549493902217457,1.2931214611188524,1.2931214611188524,1.6721631132061556,1.36013017870398,1.36013017870398,1.8499541030213202
2,3,58,16,2.41581632653061,1.9765746585384123,1.8986943956586375,1.83168567807351,0.43924166799219777,0.43924166799219777,0.1929332429005681,0.5171219308719726,0.5171219308719726,0.2674150913887572,0.5841306484571,0.5841306484571,0.3412086144669122
2,3,58,180,2.17931034482759,1.9199072892471376,1.8986943956586375,1.83168567807351,0.2594030555804525,0.2594030555804525,0.06728994524447533,0.2806159491689526,0.2806159491689526,0.0787453109279922,0.3476246667540801,0.3476246667540801,0.12084290893588524
2,3,59,26,2.72397959183673,2.0409429814704305,1.8986943956586375,1.83168567807351,0.6830366103662997,0.6830366103662997,0.4665390111006843,0.8252851961780927,0.8252851961780927,0.681095655030713,0.8922939137632202,0.8922939137632202,0.796188428538885
2,3,59,182,2.723273657289,1.9699774097040081,1.8986943956586375,1.83168567807351,0.7532962475849918,0.7532962475849918,0.5674552366256292,0.8245792616303624,0.8245792616303624,0.6799309587108737,0.8915879792154899,0.8915879792154899,0.794929124681561
2,3,66,92,0.278571428571429,1.643861964247642,1.8986943956586375,1.83168567807351,-1.365290535676213,1.365290535676213,1.8640182468070408,-1.6201229670872084,1.6201229670872084,2.6247984284834596,-1.553114249502081,1.553114249502081,2.4121638720064125
