repeat,fold,CapturePointId,Point,role
1,1,12,1,train
1,1,1,5,train
1,1,2,6,train
1,1,5,7,train
1,1,33,11,train
1,1,11,10,train
1,1,9,8,train
1,1,21,13,train
1,1,40,14,train
1,1,53,17,train
1,1,63,20,train
1,1,67,21,train
1,1,56,18,train
1,1,32,31,train
1,1,64,32,train
1,1,54,35,train
1,1,29,36,train
1,1,68,34,train
1,1,22,22,train
1,1,50,23,train
1,1,34,24,train
1,1,41,29,train
1,1,58,41,train
1,1,65,43,train
1,1,15,45,train
1,1,61,44,train
1,1,35,51,train
1,1,36,55,train
1,1,16,58,train
1,1,26,59,train
1,1,43,60,train
1,1,66,61,train
1,1,91,5,train
1,1,90,7,train
1,1,87,65,train
1,1,99,23,train
1,1,100,24,train
1,1,94,31,train
1,1,93,32,train
1,1,107,11,train
1,1,101,17,train
1,1,103,18,train
1,1,106,10,train
1,1,104,8,train
1,1,110,41,train
1,1,115,20,train
1,1,117,21,train
1,1,112,13,train
1,1,121,36,train
1,1,119,34,train
1,1,175,68,train
1,1,168,51,train
1,1,171,61,train
1,1,187,55,train
1,1,179,36,train
1,1,176,34,train
1,1,180,58,train
1,1,182,59,train
1,1,181,60,train
1,1,191,45,train
1,1,196,29,train
1,1,195,27,train
1,1,17,2,validation
1,1,37,12,validation
1,1,44,15,validation
1,1,59,19,validation
1,1,60,33,validation
1,1,27,38,validation
1,1,38,39,validation
1,1,28,40,validation
1,1,30,42,validation
1,1,42,46,validation
1,1,25,47,validation
1,1,46,48,validation
1,1,39,52,validation
1,1,19,53,validation
1,1,55,54,validation
1,1,92,66,validation
1,1,88,2,validation
1,1,95,33,validation
1,1,108,12,validation
1,1,116,19,validation
1,1,114,15,validation
1,1,123,38,validation
1,1,173,67,validation
1,1,169,48,validation
1,1,183,52,validation
1,1,184,53,validation
1,1,185,54,validation
1,1,189,46,validation
1,1,190,47,validation
1,1,192,48,validation
1,1,197,30,validation
1,2,17,2,train
1,2,1,5,train
1,2,2,6,train
1,2,5,7,train
1,2,37,12,train
1,2,11,10,train
1,2,9,8,train
1,2,21,13,train
1,2,40,14,train
1,2,44,15,train
1,2,59,19,train
1,2,67,21,train
1,2,56,18,train
1,2,60,33,train
1,2,27,38,train
1,2,38,39,train
1,2,50,23,train
1,2,58,41,train
1,2,28,40,train
1,2,30,42,train
1,2,65,43,train
1,2,42,46,train
1,2,25,47,train
1,2,35,51,train
1,2,46,48,train
1,2,36,55,train
1,2,39,52,train
1,2,19,53,train
1,2,55,54,train
1,2,43,60,train
1,2,66,61,train
1,2,91,5,train
1,2,92,66,train
1,2,90,7,train
1,2,88,2,train
1,2,87,65,train
1,2,99,23,train
1,2,95,33,train
1,2,108,12,train
1,2,103,18,train
1,2,106,10,train
1,2,104,8,train
1,2,110,41,train
1,2,116,19,train
1,2,117,21,train
1,2,112,13,train
1,2,114,15,train
1,2,123,38,train
1,2,173,67,train
1,2,168,51,train
1,2,169,48,train
1,2,171,61,train
1,2,187,55,train
1,2,181,60,train
1,2,183,52,train
1,2,184,53,train
1,2,185,54,train
1,2,189,46,train
1,2,190,47,train
1,2,192,48,train
1,2,197,30,train
1,2,12,1,validation
1,2,33,11,validation
1,2,53,17,validation
1,2,63,20,validation
1,2,32,31,validation
1,2,64,32,validation
1,2,54,35,validation
1,2,29,36,validation
1,2,68,34,validation
1,2,22,22,validation
1,2,34,24,validation
1,2,41,29,validation
1,2,15,45,validation
1,2,61,44,validation
1,2,16,58,validation
1,2,26,59,validation
1,2,100,24,validation
1,2,94,31,validation
1,2,93,32,validation
1,2,107,11,validation
1,2,101,17,validation
1,2,115,20,validation
1,2,121,36,validation
1,2,119,34,validation
1,2,175,68,validation
1,2,179,36,validation
1,2,176,34,validation
1,2,180,58,validation
1,2,182,59,validation
1,2,191,45,validation
1,2,196,29,validation
1,2,195,27,validation
1,3,17,2,train
1,3,12,1,train
1,3,33,11,train
1,3,37,12,train
1,3,44,15,train
1,3,53,17,train
1,3,59,19,train
1,3,63,20,train
1,3,32,31,train
1,3,64,32,train
1,3,60,33,train
1,3,27,38,train
1,3,38,39,train
1,3,54,35,train
1,3,29,36,train
1,3,68,34,train
1,3,22,22,train
1,3,34,24,train
1,3,41,29,train
1,3,28,40,train
1,3,30,42,train
1,3,15,45,train
1,3,42,46,train
1,3,25,47,train
1,3,61,44,train
1,3,46,48,train
1,3,39,52,train
1,3,19,53,train
1,3,55,54,train
1,3,16,58,train
1,3,26,59,train
1,3,92,66,train
1,3,88,2,train
1,3,100,24,train
1,3,94,31,train
1,3,93,32,train
1,3,95,33,train
1,3,107,11,train
1,3,108,12,train
1,3,101,17,train
1,3,116,19,train
1,3,115,20,train
1,3,114,15,train
1,3,123,38,train
1,3,121,36,train
1,3,119,34,train
1,3,173,67,train
1,3,175,68,train
1,3,169,48,train
1,3,179,36,train
1,3,176,34,train
1,3,180,58,train
1,3,182,59,train
1,3,183,52,train
1,3,184,53,train
1,3,185,54,train
1,3,191,45,train
1,3,189,46,train
1,3,190,47,train
1,3,192,48,train
1,3,196,29,train
1,3,197,30,train
1,3,195,27,train
1,3,1,5,validation
1,3,2,6,validation
1,3,5,7,validation
1,3,11,10,validation
1,3,9,8,validation
1,3,21,13,validation
1,3,40,14,validation
1,3,67,21,validation
1,3,56,18,validation
1,3,50,23,validation
1,3,58,41,validation
1,3,65,43,validation
1,3,35,51,validation
1,3,36,55,validation
1,3,43,60,validation
1,3,66,61,validation
1,3,91,5,validation
1,3,90,7,validation
1,3,87,65,validation
1,3,99,23,validation
1,3,103,18,validation
1,3,106,10,validation
1,3,104,8,validation
1,3,110,41,validation
1,3,117,21,validation
1,3,112,13,validation
1,3,168,51,validation
1,3,171,61,validation
1,3,187,55,validation
1,3,181,60,validation
2,1,12,1,train
2,1,1,5,train
2,1,5,7,train
2,1,33,11,train
2,1,37,12,train
2,1,11,10,train
2,1,9,8,train
2,1,21,13,train
2,1,40,14,train
2,1,44,15,train
2,1,53,17,train
2,1,63,20,train
2,1,32,31,train
2,1,60,33,train
2,1,54,35,train
2,1,68,34,train
2,1,22,22,train
2,1,50,23,train
2,1,41,29,train
2,1,58,41,train
2,1,28,40,train
2,1,15,45,train
2,1,42,46,train
2,1,25,47,train
2,1,35,51,train
2,1,46,48,train
2,1,36,55,train
2,1,39,52,train
2,1,19,53,train
2,1,16,58,train
2,1,26,59,train
2,1,91,5,train
2,1,92,66,train
2,1,90,7,train
2,1,99,23,train
2,1,94,31,train
2,1,95,33,train
2,1,107,11,train
2,1,108,12,train
2,1,101,17,train
2,1,106,10,train
2,1,104,8,train
2,1,110,41,train
2,1,115,20,train
2,1,112,13,train
2,1,114,15,train
2,1,119,34,train
2,1,173,67,train
2,1,175,68,train
2,1,168,51,train
2,1,169,48,train
2,1,187,55,train
2,1,176,34,train
2,1,180,58,train
2,1,182,59,train
2,1,183,52,train
2,1,184,53,train
2,1,191,45,train
2,1,189,46,train
2,1,190,47,train
2,1,192,48,train
2,1,196,29,train
2,1,197,30,train
2,1,17,2,validation
2,1,2,6,validation
2,1,59,19,validation
2,1,67,21,validation
2,1,56,18,validation
2,1,64,32,validation
2,1,27,38,validation
2,1,38,39,validation
2,1,29,36,validation
2,1,34,24,validation
2,1,30,42,validation
2,1,65,43,validation
2,1,61,44,validation
2,1,55,54,validation
2,1,43,60,validation
2,1,66,61,validation
2,1,88,2,validation
2,1,87,65,validation
2,1,100,24,validation
2,1,93,32,validation
2,1,103,18,validation
2,1,116,19,validation
2,1,117,21,validation
2,1,123,38,validation
2,1,121,36,validation
2,1,171,61,validation
2,1,179,36,validation
2,1,181,60,validation
2,1,185,54,validation
2,1,195,27,validation
2,2,17,2,train
2,2,12,1,train
2,2,1,5,train
2,2,2,6,train
2,2,33,11,train
2,2,11,10,train
2,2,21,13,train
2,2,59,19,train
2,2,67,21,train
2,2,56,18,train
2,2,64,32,train
2,2,27,38,train
2,2,38,39,train
2,2,29,36,train
2,2,34,24,train
2,2,41,29,train
2,2,28,40,train
2,2,30,42,train
2,2,65,43,train
2,2,42,46,train
2,2,25,47,train
2,2,61,44,train
2,2,35,51,train
2,2,46,48,train
2,2,36,55,train
2,2,39,52,train
2,2,55,54,train
2,2,16,58,train
2,2,26,59,train
2,2,43,60,train
2,2,66,61,train
2,2,91,5,train
2,2,92,66,train
2,2,88,2,train
2,2,87,65,train
2,2,100,24,train
2,2,93,32,train
2,2,107,11,train
2,2,103,18,train
2,2,106,10,train
2,2,116,19,train
2,2,117,21,train
2,2,112,13,train
2,2,123,38,train
2,2,121,36,train
2,2,168,51,train
2,2,169,48,train
2,2,171,61,train
2,2,187,55,train
2,2,179,36,train
2,2,180,58,train
2,2,182,59,train
2,2,181,60,train
2,2,183,52,train
2,2,185,54,train
2,2,189,46,train
2,2,190,47,train
2,2,192,48,train
2,2,196,29,train
2,2,197,30,train
2,2,195,27,train
2,2,5,7,validation
2,2,37,12,validation
2,2,9,8,validation
2,2,40,14,validation
2,2,44,15,validation
2,2,53,17,validation
2,2,63,20,validation
2,2,32,31,validation
2,2,60,33,validation
2,2,54,35,validation
2,2,68,34,validation
2,2,22,22,validation
2,2,50,23,validation
2,2,58,41,validation
2,2,15,45,validation
2,2,19,53,validation
2,2,90,7,validation
2,2,99,23,validation
2,2,94,31,validation
2,2,95,33,validation
2,2,108,12,validation
2,2,101,17,validation
2,2,104,8,validation
2,2,110,41,validation
2,2,115,20,validation
2,2,114,15,validation
2,2,119,34,validation
2,2,173,67,validation
2,2,175,68,validation
2,2,176,34,validation
2,2,184,53,validation
2,2,191,45,validation
2,3,17,2,train
2,3,2,6,train
2,3,5,7,train
2,3,37,12,train
2,3,9,8,train
2,3,40,14,train
2,3,44,15,train
2,3,53,17,train
2,3,59,19,train
2,3,63,20,train
2,3,67,21,train
2,3,56,18,train
2,3,32,31,train
2,3,64,32,train
2,3,60,33,train
2,3,27,38,train
2,3,38,39,train
2,3,54,35,train
2,3,29,36,train
2,3,68,34,train
2,3,22,22,train
2,3,50,23,train
2,3,34,24,train
2,3,58,41,train
2,3,30,42,train
2,3,65,43,train
2,3,15,45,train
2,3,61,44,train
2,3,19,53,train
2,3,55,54,train
2,3,43,60,train
2,3,66,61,train
2,3,90,7,train
2,3,88,2,train
2,3,87,65,train
2,3,99,23,train
2,3,100,24,train
2,3,94,31,train
2,3,93,32,train
2,3,95,33,train
2,3,108,12,train
2,3,101,17,train
2,3,103,18,train
2,3,104,8,train
2,3,110,41,train
2,3,116,19,train
2,3,115,20,train
2,3,117,21,train
2,3,114,15,train
2,3,123,38,train
2,3,121,36,train
2,3,119,34,train
2,3,173,67,train
2,3,175,68,train
2,3,171,61,train
2,3,179,36,train
2,3,176,34,train
2,3,181,60,train
2,3,184,53,train
2,3,185,54,train
2,3,191,45,train
2,3,195,27,train
2,3,12,1,validation
2,3,1,5,validation
2,3,33,11,validation
2,3,11,10,validation
2,3,21,13,validation
2,3,41,29,validation
2,3,28,40,validation
2,3,42,46,validation
2,3,25,47,validation
2,3,35,51,validation
2,3,46,48,validation
2,3,36,55,validation
2,3,39,52,validation
2,3,16,58,validation
2,3,26,59,validation
2,3,91,5,validation
2,3,92,66,validation
2,3,107,11,validation
2,3,106,10,validation
2,3,112,13,validation
2,3,168,51,validation
2,3,169,48,validation
2,3,187,55,validation
2,3,180,58,validation
2,3,182,59,validation
2,3,183,52,validation
2,3,189,46,validation
2,3,190,47,validation
2,3,192,48,validation
2,3,196,29,validation
2,3,197,30,validation
