Point,CapturePointId,meanHFI,split
1,12,2.38544061302682,development
2,17,3.61527777777778,development
2,88,3.63541401273885,development
5,1,0.0,development
5,91,0.0,development
6,2,0.143877551020408,development
7,5,0.161734693877551,development
7,90,0.211616161616162,development
8,9,0.798482932996207,development
8,104,0.814267515923567,development
10,11,0.924137931034483,development
10,106,0.920051085568327,development
11,33,2.31868686868687,development
11,107,2.31173469387755,development
12,37,2.88193384223919,development
12,108,2.93148614609572,development
13,21,1.8693094629156,development
13,112,1.92017879948914,development
14,40,1.7,development
15,44,1.7,development
15,114,1.7,development
17,53,3.98612862547289,development
17,101,3.92331210191083,development
18,56,4.53520408163265,development
18,103,4.52977099236641,development
19,59,0.854891994917408,development
19,116,0.831162196679438,development
20,63,1.4794380587484,development
20,115,1.66224489795918,development
21,67,0.691187739463601,development
21,117,0.493129770992366,development
22,22,0.495796178343949,development
23,50,2.49337579617834,development
23,99,2.45701643489254,development
24,34,3.0616368286445,development
24,100,3.06117496807152,development
27,195,2.81967213114754,development
29,41,3.29092055485498,development
29,196,3.25476493011436,development
30,197,3.67509529860229,development
31,32,0.0,development
31,94,0.0,development
32,64,0.060559796437659,development
32,93,0.0601769911504425,development
33,60,0.0,development
33,95,0.0,development
34,68,4.64371859296482,development
34,119,4.66071428571429,development
34,176,4.66162642947903,development
35,54,2.10432569974555,development
36,29,1.6211320754717,development
36,121,1.6211320754717,development
36,179,1.6212927756654,development
38,27,1.64025157232704,development
38,123,1.36294416243655,development
39,38,1.83168567807351,development
40,28,3.84234693877551,development
41,58,2.58339719029374,development
41,110,2.58339719029374,development
42,30,0.30537084398977,development
43,65,2.13282247765006,development
44,61,0.994622279129321,development
45,15,2.82259306803594,development
45,191,2.80556962025316,development
46,42,2.29718670076726,development
46,189,2.33401015228426,development
47,25,1.8537084398977,development
47,190,1.84112388250319,development
48,46,4.42199488491049,development
48,169,4.4079283887468,development
48,192,4.3542199488491,development
51,35,1.95357142857143,development
51,168,2.06803069053708,development
52,39,2.89553001277139,development
52,183,2.93997445721584,development
53,19,2.70050505050505,development
53,184,2.675,development
54,55,2.89355246523388,development
54,185,2.89731113956466,development
55,36,2.78828025477707,development
55,187,3.19181585677749,development
58,16,2.41581632653061,development
58,180,2.17931034482759,development
59,26,2.72397959183673,development
59,182,2.723273657289,development
60,43,2.39642857142857,development
60,181,2.39131545338442,development
61,66,2.82915601023018,development
61,171,2.80689655172414,development
65,87,4.57687420584498,development
66,92,0.278571428571429,development
67,173,0.161941251596424,development
68,175,0.8,development
3,20,4.12755102040816,test
4,23,3.71709183673469,test
9,10,1.42244897959184,test
9,105,1.3765903307888,test
16,49,4.59286624203822,test
16,102,4.60918367346939,test
25,45,1.99289340101523,test
25,194,1.99745870393901,test
26,47,2.19421383647799,test
26,125,2.15050505050505,test
26,193,2.18061224489796,test
37,57,1.99542566709022,test
37,122,2.16121673003802,test
37,177,2.03572327044025,test
49,51,3.18571428571429,test
49,167,3.06042983565107,test
50,69,2.83341772151899,test
56,52,3.2066411238825,test
56,186,3.20459770114943,test
57,48,2.78221092757306,test
57,188,2.8460358056266,test
62,31,2.68888888888889,test
62,170,2.74325346784363,test
63,62,2.29494949494949,test
63,172,2.29494949494949,test
