Point,CapturePointId,meanHFI,n_days,n_audio,min_audio_per_day,median_audio_per_day,mean_audio_per_day,max_audio_per_day,n_complete_days,first_datetime,last_datetime,complete_day_fraction,audio_0400_0430,days_0400_0430,coverage_0400_0430,audio_0430_0500,days_0430_0500,coverage_0430_0500,audio_0500_0530,days_0500_0530,coverage_0500_0530,audio_0530_0600,days_0530_0600,coverage_0530_0600
1,12,2.38544061302682,21,248,8,12.0,11.80952380952381,12,21,2024-09-01 04:00:00-03:00,2024-09-21 05:50:00-03:00,1.0,63,21,1.0,62,21,1.0,61,21,1.0,62,21,1.0
2,17,3.61527777777778,21,252,12,12.0,12.0,12,21,2024-09-01 04:00:00-03:00,2024-09-21 05:50:00-03:00,1.0,63,21,1.0,63,21,1.0,63,21,1.0,63,21,1.0
2,88,3.63541401273885,22,264,12,12.0,12.0,12,22,2025-03-17 04:00:00-03:00,2025-04-07 05:50:00-03:00,1.0,66,22,1.0,66,22,1.0,66,22,1.0,66,22,1.0
3,20,4.12755102040816,21,245,7,12.0,11.666666666666666,12,21,2024-09-01 04:00:00-03:00,2024-09-21 05:50:00-03:00,1.0,60,21,1.0,63,21,1.0,61,21,1.0,61,21,1.0
4,23,3.71709183673469,16,160,1,12.0,10.0,12,13,2024-09-01 04:00:00-03:00,2024-09-21 05:50:00-03:00,0.8125,35,13,0.8125,38,13,0.8125,41,14,0.875,46,16,1.0
5,1,0.0,25,300,12,12.0,12.0,12,25,2024-09-23 04:00:00-03:00,2024-10-17 05:50:00-03:00,1.0,75,25,1.0,75,25,1.0,75,25,1.0,75,25,1.0
5,91,0.0,26,310,10,12.0,11.923076923076923,12,26,2025-03-14 04:00:00-03:00,2025-04-08 05:50:00-03:00,1.0,77,26,1.0,77,26,1.0,78,26,1.0,78,26,1.0
6,2,0.143877551020408,24,287,11,12.0,11.958333333333334,12,24,2024-09-23 04:00:00-03:00,2024-10-16 05:50:00-03:00,1.0,72,24,1.0,72,24,1.0,72,24,1.0,71,24,1.0
7,5,0.161734693877551,25,297,9,12.0,11.88,12,25,2024-09-23 04:00:00-03:00,2024-10-17 05:50:00-03:00,1.0,75,25,1.0,75,25,1.0,74,25,1.0,73,25,1.0
7,90,0.211616161616162,26,311,11,12.0,11.961538461538462,12,26,2025-03-14 04:00:00-03:00,2025-04-08 05:40:00-03:00,1.0,78,26,1.0,78,26,1.0,78,26,1.0,77,26,1.0
8,9,0.798482932996207,23,276,12,12.0,12.0,12,23,2024-09-26 04:00:00-03:00,2024-10-18 05:50:00-03:00,1.0,69,23,1.0,69,23,1.0,69,23,1.0,69,23,1.0
8,104,0.814267515923567,22,264,12,12.0,12.0,12,22,2025-04-09 04:00:00-03:00,2025-04-30 05:50:00-03:00,1.0,66,22,1.0,66,22,1.0,66,22,1.0,66,22,1.0
9,10,1.42244897959184,23,274,11,12.0,11.91304347826087,12,23,2024-09-26 04:00:00-03:00,2024-10-18 05:50:00-03:00,1.0,68,23,1.0,68,23,1.0,69,23,1.0,69,23,1.0
9,105,1.3765903307888,22,262,10,12.0,11.909090909090908,12,22,2025-04-09 04:00:00-03:00,2025-04-30 05:50:00-03:00,1.0,66,22,1.0,66,22,1.0,66,22,1.0,64,22,1.0
10,11,0.924137931034483,23,275,11,12.0,11.956521739130435,12,23,2024-09-26 04:00:00-03:00,2024-10-18 05:50:00-03:00,1.0,69,23,1.0,68,23,1.0,69,23,1.0,69,23,1.0
10,106,0.920051085568327,22,264,12,12.0,12.0,12,22,2025-04-09 04:00:00-03:00,2025-04-30 05:50:00-03:00,1.0,66,22,1.0,66,22,1.0,66,22,1.0,66,22,1.0
11,33,2.31868686868687,23,271,7,12.0,11.782608695652174,12,22,2024-09-26 04:00:00-03:00,2024-10-18 05:50:00-03:00,0.9565217391304348,69,23,1.0,69,23,1.0,67,23,1.0,66,22,0.9565217391304348
11,107,2.31173469387755,22,264,12,12.0,12.0,12,22,2025-04-09 04:00:00-03:00,2025-04-30 05:50:00-03:00,1.0,66,22,1.0,66,22,1.0,66,22,1.0,66,22,1.0
12,37,2.88193384223919,23,275,11,12.0,11.956521739130435,12,23,2024-09-26 04:00:00-03:00,2024-10-18 05:50:00-03:00,1.0,69,23,1.0,69,23,1.0,69,23,1.0,68,23,1.0
12,108,2.93148614609572,22,263,11,12.0,11.954545454545455,12,22,2025-04-09 04:00:00-03:00,2025-04-30 05:50:00-03:00,1.0,66,22,1.0,66,22,1.0,66,22,1.0,65,22,1.0
13,21,1.8693094629156,23,275,11,12.0,11.956521739130435,12,23,2024-09-26 04:00:00-03:00,2024-10-18 05:50:00-03:00,1.0,69,23,1.0,69,23,1.0,68,23,1.0,69,23,1.0
13,112,1.92017879948914,21,249,9,12.0,11.857142857142858,12,21,2025-04-10 04:00:00-03:00,2025-04-30 05:50:00-03:00,1.0,62,21,1.0,62,21,1.0,63,21,1.0,62,21,1.0
14,40,1.7,23,275,11,12.0,11.956521739130435,12,23,2024-09-26 04:00:00-03:00,2024-10-18 05:50:00-03:00,1.0,69,23,1.0,69,23,1.0,69,23,1.0,68,23,1.0
15,44,1.7,23,276,12,12.0,12.0,12,23,2024-09-26 04:00:00-03:00,2024-10-18 05:50:00-03:00,1.0,69,23,1.0,69,23,1.0,69,23,1.0,69,23,1.0
15,114,1.7,21,252,12,12.0,12.0,12,21,2025-04-10 04:00:00-03:00,2025-04-30 05:50:00-03:00,1.0,63,21,1.0,63,21,1.0,63,21,1.0,63,21,1.0
16,49,4.59286624203822,20,185,4,10.0,9.25,12,12,2024-09-29 04:00:00-03:00,2024-10-18 05:40:00-03:00,0.6,56,20,1.0,57,19,0.95,45,20,1.0,27,12,0.6
16,102,4.60918367346939,22,264,12,12.0,12.0,12,22,2025-04-09 04:00:00-03:00,2025-04-30 05:50:00-03:00,1.0,66,22,1.0,66,22,1.0,66,22,1.0,66,22,1.0
17,53,3.98612862547289,20,216,5,12.0,10.8,12,20,2024-09-29 04:00:00-03:00,2024-10-18 05:50:00-03:00,1.0,57,20,1.0,54,20,1.0,53,20,1.0,52,20,1.0
17,101,3.92331210191083,22,264,12,12.0,12.0,12,22,2025-04-09 04:00:00-03:00,2025-04-30 05:50:00-03:00,1.0,66,22,1.0,66,22,1.0,66,22,1.0,66,22,1.0
18,56,4.53520408163265,20,208,5,12.0,10.4,12,19,2024-09-29 04:10:00-03:00,2024-10-18 05:50:00-03:00,0.95,51,20,1.0,50,20,1.0,53,19,0.95,54,19,0.95
18,103,4.52977099236641,22,264,12,12.0,12.0,12,22,2025-04-09 04:00:00-03:00,2025-04-30 05:50:00-03:00,1.0,66,22,1.0,66,22,1.0,66,22,1.0,66,22,1.0
19,59,0.854891994917408,20,240,12,12.0,12.0,12,20,2024-09-29 04:00:00-03:00,2024-10-18 05:50:00-03:00,1.0,60,20,1.0,60,20,1.0,60,20,1.0,60,20,1.0
19,116,0.831162196679438,19,228,12,12.0,12.0,12,19,2025-04-10 04:00:00-03:00,2025-04-28 05:50:00-03:00,1.0,57,19,1.0,57,19,1.0,57,19,1.0,57,19,1.0
20,63,1.4794380587484,20,233,8,12.0,11.65,12,19,2024-09-29 04:00:00-03:00,2024-10-18 05:50:00-03:00,0.95,58,20,1.0,60,20,1.0,57,19,0.95,58,20,1.0
20,115,1.66224489795918,21,252,12,12.0,12.0,12,21,2025-04-10 04:00:00-03:00,2025-04-30 05:50:00-03:00,1.0,63,21,1.0,63,21,1.0,63,21,1.0,63,21,1.0
21,67,0.691187739463601,17,195,5,12.0,11.470588235294118,12,16,2024-09-29 04:00:00-03:00,2024-10-15 05:50:00-03:00,0.9411764705882353,51,17,1.0,50,17,1.0,47,16,0.9411764705882353,47,16,0.9411764705882353
21,117,0.493129770992366,21,251,11,12.0,11.952380952380953,12,21,2025-04-10 04:00:00-03:00,2025-04-30 05:50:00-03:00,1.0,63,21,1.0,62,21,1.0,63,21,1.0,63,21,1.0
22,22,0.495796178343949,2,18,6,9.0,9.0,12,1,2024-10-22 04:00:00-03:00,2024-10-23 04:50:00-03:00,0.5,6,2,1.0,6,2,1.0,3,1,0.5,3,1,0.5
23,50,2.49337579617834,22,264,12,12.0,12.0,12,22,2024-10-22 04:00:00-03:00,2024-11-12 05:50:00-03:00,1.0,66,22,1.0,66,22,1.0,66,22,1.0,66,22,1.0
23,99,2.45701643489254,21,252,12,12.0,12.0,12,21,2025-03-18 04:00:00-03:00,2025-04-07 05:50:00-03:00,1.0,63,21,1.0,63,21,1.0,63,21,1.0,63,21,1.0
24,34,3.0616368286445,22,264,12,12.0,12.0,12,22,2024-10-22 04:00:00-03:00,2024-11-12 05:50:00-03:00,1.0,66,22,1.0,66,22,1.0,66,22,1.0,66,22,1.0
24,100,3.06117496807152,21,252,12,12.0,12.0,12,21,2025-03-18 04:00:00-03:00,2025-04-07 05:50:00-03:00,1.0,63,21,1.0,63,21,1.0,63,21,1.0,63,21,1.0
25,45,1.99289340101523,21,242,7,12.0,11.523809523809524,12,20,2024-10-23 04:00:00-03:00,2024-11-12 05:50:00-03:00,0.9523809523809523,59,20,0.9523809523809523,59,21,1.0,63,21,1.0,61,21,1.0
25,194,1.99745870393901,10,115,8,12.0,11.5,12,10,2025-07-15 04:00:00-03:00,2025-07-24 05:40:00-03:00,1.0,28,10,1.0,30,10,1.0,29,10,1.0,28,10,1.0
26,47,2.19421383647799,21,195,1,10.0,9.285714285714286,12,17,2024-10-23 04:00:00-03:00,2024-11-12 05:50:00-03:00,0.8095238095238095,48,18,0.8571428571428571,50,20,0.9523809523809523,50,20,0.9523809523809523,47,19,0.9047619047619048
26,125,2.15050505050505,7,72,4,12.0,10.285714285714286,12,6,2025-05-04 04:00:00-03:00,2025-05-10 05:40:00-03:00,0.8571428571428571,17,7,1.0,21,7,1.0,17,6,0.8571428571428571,17,6,0.8571428571428571
26,193,2.18061224489796,17,168,2,11.0,9.882352941176471,12,15,2025-07-15 04:20:00-03:00,2025-08-01 05:50:00-03:00,0.8823529411764706,41,17,1.0,43,17,1.0,42,15,0.8823529411764706,42,15,0.8823529411764706
27,195,2.81967213114754,20,229,2,12.0,11.45,12,19,2025-07-15 04:00:00-03:00,2025-08-05 04:10:00-03:00,0.95,59,20,1.0,57,19,0.95,57,19,0.95,56,19,0.95
29,41,3.29092055485498,19,193,3,12.0,10.157894736842104,12,17,2024-10-23 04:00:00-03:00,2024-11-10 05:40:00-03:00,0.8947368421052632,47,18,0.9473684210526315,51,18,0.9473684210526315,52,19,1.0,43,18,0.9473684210526315
29,196,3.25476493011436,21,249,10,12.0,11.857142857142858,12,21,2025-07-15 04:00:00-03:00,2025-08-04 05:50:00-03:00,1.0,62,21,1.0,63,21,1.0,63,21,1.0,61,21,1.0
30,197,3.67509529860229,10,120,12,12.0,12.0,12,10,2025-07-15 04:00:00-03:00,2025-07-24 05:50:00-03:00,1.0,30,10,1.0,30,10,1.0,30,10,1.0,30,10,1.0
31,32,0.0,21,252,12,12.0,12.0,12,21,2024-10-21 04:00:00-03:00,2024-11-10 05:50:00-03:00,1.0,63,21,1.0,63,21,1.0,63,21,1.0,63,21,1.0
31,94,0.0,21,252,12,12.0,12.0,12,21,2025-03-18 04:00:00-03:00,2025-04-07 05:50:00-03:00,1.0,63,21,1.0,63,21,1.0,63,21,1.0,63,21,1.0
32,64,0.060559796437659,15,166,8,12.0,11.066666666666666,12,15,2024-10-21 04:00:00-03:00,2024-11-04 05:50:00-03:00,1.0,39,15,1.0,43,15,1.0,41,15,1.0,43,15,1.0
32,93,0.0601769911504425,21,246,9,12.0,11.714285714285714,12,21,2025-03-18 04:00:00-03:00,2025-04-07 05:50:00-03:00,1.0,62,21,1.0,61,21,1.0,62,21,1.0,61,21,1.0
33,60,0.0,21,227,4,12.0,10.80952380952381,12,19,2024-10-21 04:00:00-03:00,2024-11-10 05:50:00-03:00,0.9047619047619048,56,20,0.9523809523809523,55,21,1.0,57,20,0.9523809523809523,59,21,1.0
33,95,0.0,21,247,9,12.0,11.761904761904763,12,21,2025-03-18 04:00:00-03:00,2025-04-07 05:50:00-03:00,1.0,62,21,1.0,61,21,1.0,62,21,1.0,62,21,1.0
34,68,4.64371859296482,21,245,10,12.0,11.666666666666666,12,21,2024-10-21 04:00:00-03:00,2024-11-10 05:50:00-03:00,1.0,63,21,1.0,63,21,1.0,62,21,1.0,57,21,1.0
34,119,4.66071428571429,4,48,12,12.0,12.0,12,4,2025-05-05 04:00:00-03:00,2025-05-08 05:50:00-03:00,1.0,12,4,1.0,12,4,1.0,12,4,1.0,12,4,1.0
34,176,4.66162642947903,25,291,9,12.0,11.64,12,24,2025-06-22 04:00:00-03:00,2025-07-16 05:50:00-03:00,0.96,71,24,0.96,74,25,1.0,73,25,1.0,73,25,1.0
35,54,2.10432569974555,21,252,12,12.0,12.0,12,21,2024-10-21 04:00:00-03:00,2024-11-10 05:50:00-03:00,1.0,63,21,1.0,63,21,1.0,63,21,1.0,63,21,1.0
36,29,1.6211320754717,19,226,10,12.0,11.894736842105264,12,19,2024-10-21 04:00:00-03:00,2024-11-08 05:50:00-03:00,1.0,56,19,1.0,57,19,1.0,56,19,1.0,57,19,1.0
36,121,1.6211320754717,20,240,12,12.0,12.0,12,20,2025-05-05 04:00:00-03:00,2025-05-24 05:50:00-03:00,1.0,60,20,1.0,60,20,1.0,60,20,1.0,60,20,1.0
36,179,1.6212927756654,22,259,7,12.0,11.772727272727273,12,22,2025-06-22 04:00:00-03:00,2025-07-13 05:50:00-03:00,1.0,66,22,1.0,64,22,1.0,64,22,1.0,65,22,1.0
37,57,1.99542566709022,21,252,12,12.0,12.0,12,21,2024-10-21 04:00:00-03:00,2024-11-10 05:50:00-03:00,1.0,63,21,1.0,63,21,1.0,63,21,1.0,63,21,1.0
37,122,2.16121673003802,6,72,12,12.0,12.0,12,6,2025-05-05 04:00:00-03:00,2025-05-10 05:50:00-03:00,1.0,18,6,1.0,18,6,1.0,18,6,1.0,18,6,1.0
37,177,2.03572327044025,25,292,4,12.0,11.68,12,25,2025-06-22 04:00:00-03:00,2025-07-16 05:30:00-03:00,1.0,73,25,1.0,73,25,1.0,73,25,1.0,73,25,1.0
38,27,1.64025157232704,19,118,1,6.0,6.2105263157894735,12,11,2024-10-21 04:00:00-03:00,2024-11-10 05:30:00-03:00,0.5789473684210527,35,14,0.7368421052631579,27,13,0.6842105263157895,31,15,0.7894736842105263,25,16,0.8421052631578947
38,123,1.36294416243655,17,171,2,12.0,10.058823529411764,12,14,2025-05-05 04:00:00-03:00,2025-05-21 05:50:00-03:00,0.8235294117647058,41,14,0.8235294117647058,44,16,0.9411764705882353,44,17,1.0,42,17,1.0
39,38,1.83168567807351,20,196,4,11.0,9.8,12,17,2024-10-21 04:00:00-03:00,2024-11-10 05:50:00-03:00,0.85,47,17,0.85,50,19,0.95,55,20,1.0,44,18,0.9
40,28,3.84234693877551,157,1838,1,12.0,11.707006369426752,12,153,2024-11-12 04:00:00-03:00,2025-10-19 05:50:00-03:00,0.9745222929936306,462,155,0.9872611464968153,461,157,1.0,458,155,0.9872611464968153,457,154,0.9808917197452229
41,58,2.58339719029374,5,35,3,6.0,7.0,12,3,2024-11-11 04:00:00-03:00,2024-11-21 05:30:00-03:00,0.6,10,5,1.0,9,4,0.8,10,4,0.8,6,3,0.6
41,110,2.58339719029374,22,259,9,12.0,11.772727272727273,12,22,2025-04-09 04:10:00-03:00,2025-04-30 05:50:00-03:00,1.0,65,22,1.0,65,22,1.0,64,22,1.0,65,22,1.0
42,30,0.30537084398977,22,264,12,12.0,12.0,12,22,2024-11-14 04:00:00-03:00,2024-12-05 05:50:00-03:00,1.0,66,22,1.0,66,22,1.0,66,22,1.0,66,22,1.0
43,65,2.13282247765006,22,254,8,12.0,11.545454545454545,12,22,2024-11-14 04:10:00-03:00,2024-12-05 05:50:00-03:00,1.0,63,22,1.0,64,22,1.0,61,22,1.0,66,22,1.0
44,61,0.994622279129321,21,236,8,12.0,11.238095238095237,12,20,2024-11-15 04:00:00-03:00,2024-12-05 05:50:00-03:00,0.9523809523809523,54,20,0.9523809523809523,61,21,1.0,60,21,1.0,61,21,1.0
45,15,2.82259306803594,22,264,12,12.0,12.0,12,22,2024-11-15 04:00:00-03:00,2024-12-06 05:50:00-03:00,1.0,66,22,1.0,66,22,1.0,66,22,1.0,66,22,1.0
45,191,2.80556962025316,25,300,12,12.0,12.0,12,25,2025-07-14 04:00:00-03:00,2025-08-07 05:50:00-03:00,1.0,75,25,1.0,75,25,1.0,75,25,1.0,75,25,1.0
46,42,2.29718670076726,22,264,12,12.0,12.0,12,22,2024-11-15 04:00:00-03:00,2024-12-06 05:50:00-03:00,1.0,66,22,1.0,66,22,1.0,66,22,1.0,66,22,1.0
46,189,2.33401015228426,23,274,10,12.0,11.91304347826087,12,23,2025-07-14 04:00:00-03:00,2025-08-05 05:40:00-03:00,1.0,69,23,1.0,68,23,1.0,69,23,1.0,68,23,1.0
47,25,1.8537084398977,22,263,11,12.0,11.954545454545455,12,22,2024-11-15 04:00:00-03:00,2024-12-06 05:50:00-03:00,1.0,66,22,1.0,66,22,1.0,65,22,1.0,66,22,1.0
47,190,1.84112388250319,25,298,11,12.0,11.92,12,25,2025-07-14 04:00:00-03:00,2025-08-07 05:50:00-03:00,1.0,74,25,1.0,75,25,1.0,74,25,1.0,75,25,1.0
48,46,4.42199488491049,9,108,12,12.0,12.0,12,9,2024-11-15 04:00:00-03:00,2024-11-23 05:50:00-03:00,1.0,27,9,1.0,27,9,1.0,27,9,1.0,27,9,1.0
48,169,4.4079283887468,1,12,12,12.0,12.0,12,1,2025-05-27 04:00:00-03:00,2025-05-27 05:50:00-03:00,1.0,3,1,1.0,3,1,1.0,3,1,1.0,3,1,1.0
48,192,4.3542199488491,25,300,12,12.0,12.0,12,25,2025-07-14 04:00:00-03:00,2025-08-07 05:50:00-03:00,1.0,75,25,1.0,75,25,1.0,75,25,1.0,75,25,1.0
49,51,3.18571428571429,20,240,12,12.0,12.0,12,20,2024-11-15 04:00:00-03:00,2024-12-04 05:50:00-03:00,1.0,60,20,1.0,60,20,1.0,60,20,1.0,60,20,1.0
49,167,3.06042983565107,3,36,12,12.0,12.0,12,3,2025-05-27 04:00:00-03:00,2025-05-29 05:50:00-03:00,1.0,9,3,1.0,9,3,1.0,9,3,1.0,9,3,1.0
50,69,2.83341772151899,4,44,8,12.0,11.0,12,4,2024-11-15 04:00:00-03:00,2024-11-18 05:50:00-03:00,1.0,11,4,1.0,11,4,1.0,11,4,1.0,11,4,1.0
51,35,1.95357142857143,20,240,12,12.0,12.0,12,20,2024-11-15 04:00:00-03:00,2024-12-04 05:50:00-03:00,1.0,60,20,1.0,60,20,1.0,60,20,1.0,60,20,1.0
51,168,2.06803069053708,22,264,12,12.0,12.0,12,22,2025-05-27 04:00:00-03:00,2025-06-17 05:50:00-03:00,1.0,66,22,1.0,66,22,1.0,66,22,1.0,66,22,1.0
52,39,2.89553001277139,22,264,12,12.0,12.0,12,22,2024-12-06 04:00:00-03:00,2024-12-27 05:50:00-03:00,1.0,66,22,1.0,66,22,1.0,66,22,1.0,66,22,1.0
52,183,2.93997445721584,20,240,12,12.0,12.0,12,20,2025-06-23 04:00:00-03:00,2025-07-12 05:50:00-03:00,1.0,60,20,1.0,60,20,1.0,60,20,1.0,60,20,1.0
53,19,2.70050505050505,22,264,12,12.0,12.0,12,22,2024-12-06 04:00:00-03:00,2024-12-27 05:50:00-03:00,1.0,66,22,1.0,66,22,1.0,66,22,1.0,66,22,1.0
53,184,2.675,20,240,12,12.0,12.0,12,20,2025-06-23 04:00:00-03:00,2025-07-12 05:50:00-03:00,1.0,60,20,1.0,60,20,1.0,60,20,1.0,60,20,1.0
54,55,2.89355246523388,8,94,10,12.0,11.75,12,8,2024-12-06 04:00:00-03:00,2024-12-13 05:50:00-03:00,1.0,24,8,1.0,23,8,1.0,23,8,1.0,24,8,1.0
54,185,2.89731113956466,20,234,8,12.0,11.7,12,20,2025-06-23 04:00:00-03:00,2025-07-12 05:30:00-03:00,1.0,60,20,1.0,60,20,1.0,58,20,1.0,56,20,1.0
55,36,2.78828025477707,14,168,12,12.0,12.0,12,14,2024-12-06 04:00:00-03:00,2024-12-19 05:50:00-03:00,1.0,42,14,1.0,42,14,1.0,42,14,1.0,42,14,1.0
55,187,3.19181585677749,22,242,3,12.0,11.0,12,20,2025-06-21 04:00:00-03:00,2025-07-12 05:30:00-03:00,0.9090909090909091,59,22,1.0,64,22,1.0,58,20,0.9090909090909091,61,21,0.9545454545454546
56,52,3.2066411238825,11,132,12,12.0,12.0,12,11,2024-12-06 04:00:00-03:00,2024-12-16 05:50:00-03:00,1.0,33,11,1.0,33,11,1.0,33,11,1.0,33,11,1.0
56,186,3.20459770114943,22,245,1,12.0,11.136363636363637,12,21,2025-06-21 04:00:00-03:00,2025-07-12 05:30:00-03:00,0.9545454545454546,62,21,0.9545454545454546,62,22,1.0,60,21,0.9545454545454546,61,21,0.9545454545454546
57,48,2.78221092757306,22,264,12,12.0,12.0,12,22,2024-12-06 04:00:00-03:00,2024-12-27 05:50:00-03:00,1.0,66,22,1.0,66,22,1.0,66,22,1.0,66,22,1.0
57,188,2.8460358056266,22,252,6,12.0,11.454545454545455,12,20,2025-06-21 04:00:00-03:00,2025-07-12 05:20:00-03:00,0.9090909090909091,64,22,1.0,66,22,1.0,61,21,0.9545454545454546,61,21,0.9545454545454546
58,16,2.41581632653061,21,252,12,12.0,12.0,12,21,2024-12-07 04:00:00-03:00,2024-12-27 05:50:00-03:00,1.0,63,21,1.0,63,21,1.0,63,21,1.0,63,21,1.0
58,180,2.17931034482759,17,197,8,12.0,11.588235294117647,12,17,2025-06-23 04:00:00-03:00,2025-07-09 05:50:00-03:00,1.0,49,17,1.0,50,17,1.0,49,17,1.0,49,17,1.0
59,26,2.72397959183673,21,248,8,12.0,11.80952380952381,12,21,2024-12-07 04:00:00-03:00,2024-12-27 05:50:00-03:00,1.0,62,21,1.0,61,21,1.0,62,21,1.0,63,21,1.0
59,182,2.723273657289,20,235,9,12.0,11.75,12,20,2025-06-23 04:00:00-03:00,2025-07-12 05:50:00-03:00,1.0,60,20,1.0,58,20,1.0,58,20,1.0,59,20,1.0
60,43,2.39642857142857,21,250,11,12.0,11.904761904761905,12,21,2024-12-07 04:00:00-03:00,2024-12-27 05:50:00-03:00,1.0,63,21,1.0,62,21,1.0,62,21,1.0,63,21,1.0
60,181,2.39131545338442,20,208,1,12.0,10.4,12,16,2025-06-23 04:00:00-03:00,2025-07-12 05:40:00-03:00,0.8,51,18,0.9,48,17,0.85,54,19,0.95,55,19,0.95
61,66,2.82915601023018,20,231,6,12.0,11.55,12,19,2024-12-08 04:00:00-03:00,2024-12-27 05:40:00-03:00,0.95,57,20,1.0,59,20,1.0,59,20,1.0,56,19,0.95
61,171,2.80689655172414,22,261,10,12.0,11.863636363636363,12,22,2025-05-28 04:00:00-03:00,2025-06-18 05:50:00-03:00,1.0,66,22,1.0,65,22,1.0,64,22,1.0,66,22,1.0
62,31,2.68888888888889,20,240,12,12.0,12.0,12,20,2024-12-08 04:00:00-03:00,2024-12-27 05:50:00-03:00,1.0,60,20,1.0,60,20,1.0,60,20,1.0,60,20,1.0
62,170,2.74325346784363,18,216,12,12.0,12.0,12,18,2025-06-01 04:00:00-03:00,2025-06-18 05:50:00-03:00,1.0,54,18,1.0,54,18,1.0,54,18,1.0,54,18,1.0
63,62,2.29494949494949,20,239,11,12.0,11.95,12,20,2024-12-08 04:00:00-03:00,2024-12-27 05:50:00-03:00,1.0,60,20,1.0,60,20,1.0,59,20,1.0,60,20,1.0
63,172,2.29494949494949,22,264,12,12.0,12.0,12,22,2025-05-28 04:00:00-03:00,2025-06-18 05:50:00-03:00,1.0,66,22,1.0,66,22,1.0,66,22,1.0,66,22,1.0
65,87,4.57687420584498,22,263,11,12.0,11.954545454545455,12,22,2025-03-17 04:00:00-03:00,2025-04-07 05:50:00-03:00,1.0,66,22,1.0,66,22,1.0,66,22,1.0,65,22,1.0
66,92,0.278571428571429,26,312,12,12.0,12.0,12,26,2025-03-14 04:00:00-03:00,2025-04-08 05:50:00-03:00,1.0,78,26,1.0,78,26,1.0,78,26,1.0,78,26,1.0
67,173,0.161941251596424,21,252,12,12.0,12.0,12,21,2025-05-27 04:00:00-03:00,2025-06-16 05:50:00-03:00,1.0,63,21,1.0,63,21,1.0,63,21,1.0,63,21,1.0
68,175,0.8,12,144,12,12.0,12.0,12,12,2025-05-27 04:00:00-03:00,2025-06-07 05:50:00-03:00,1.0,36,12,1.0,36,12,1.0,36,12,1.0,36,12,1.0
